Coach_ID,Coach,Last Name,First Name,Active,Seasons,Total Meets,Total Wins,Total Losses,Total Ties,Win Pct,Champs,AAs,ChampPct,AAPct
2,Unknown,Unknown,Unknown,FALSE,78,597,263,321,13,0.451423786,0,1,0,4.17E-03
1,"Abel, Stan",Abel,Stan,FALSE,23,441,301,132,8,0.691609977,15,76,6.82E-02,4.69E-02
3,"Benning, Don",Benning,Don,FALSE,8,115,87,24,4,0.773913043,0,0,0,0
5,"Borah, Tracy",Borah,Tracy,FALSE,27,320,180,138,2,0.565625,0,4,0,5.24E-03
9,"Carlson, Bob",Carlson,Bob,FALSE,13,216,141,73,2,0.657407407,0,0,0,0
10,"Chesbro, Tommy",Chesbro,Tommy,FALSE,15,253,227,26,0,0.897233202,19,76,0.126666667,7.45E-02
12,"DeCarlo, Tony",DeCarlo,Tony,FALSE,23,278,213,65,0,0.76618705,0,3,0,4.41E-03
13,"Denney, Mike",Denney,Mike,TRUE,32,425,312,108,5,0.74,0,4,0,0.005
14,"Douglas, Bobby",Douglas,Bobby,FALSE,33,604,427,168,9,0.714403974,13,111,3.94E-02,4.37E-02
16,"Evans, Tommy",Evans,Tommy,FALSE,12,180,138,40,2,0.772222222,19,59,0.141791045,7.93E-02
18,"Gable, Dan",Gable,Dan,FALSE,21,381,355,21,5,0.93832021,45,152,0.214285714,9.27E-02
19,"Gallagher, Edward",Gallagher,Edward,FALSE,23,145,136,5,4,0.951724138,37,69,0.366336634,0.222580645
20,"Garland, Bill",Garland,Bill,FALSE,27,339,170,159,10,0.516224189,1,6,1.06E-02,1.10E-02
21,"Gibbons, Jim",Gibbons,Jim,FALSE,7,129,96,32,1,0.748062016,7,32,0.1,5.71E-02
22,"Grahn, Marlin",Grahn,Marlin,FALSE,22,417,126,282,9,0.31294964,0,2,0,1.92E-03
23,"Griffin, Eddie",Griffin,Eddie,FALSE,13,212,141,69,2,0.669811321,0,4,0,5.56E-03
24,"Griffith, Art",Griffith,Art,FALSE,13,89,78,7,4,0.898876404,27,64,0.236842105,0.140350877
26,"Hitchcock, Vaughan",Hitchcock,Vaughan,FALSE,23,467,353,110,4,0.760171306,2,27,9.80E-03,2.01E-02
28,"Houk, Russell",Houk,Russell,FALSE,14,181,142,35,4,0.79558011,0,3,0,6.64E-03
31,"Icenhower, David",Icenhower,David,TRUE,35,627,535,87,5,0.857256778,1,1,8.33E-03,1.09E-03
33,"James, David",James,David,TRUE,29,464,340,118,6,0.739224138,0,0,0,0
35,"Jehlicka, Rodger",Jehlicka,Rodger,FALSE,17,208,127,78,3,0.617788462,0,0,0,0
38,"Keen, Paul",Keen,Paul,FALSE,12,86,50,33,3,0.598837209,12,27,0.155844156,0.113445378
39,"Kerr, T.J.",Kerr,T.J.,FALSE,38,639,421,211,7,0.664319249,3,36,8.33E-03,1.29E-02
41,"Kristoff, Larry",Kristoff,Larry,FALSE,30,422,211,199,12,0.514218009,0,10,0,9.80E-03
42,"Kurdelmeier, Gary",Kurdelmeier,Gary,FALSE,7,113,79,29,5,0.721238938,6,17,0.12,0.053125
45,"Leen, Mark",Leen,Mark,FALSE,6,79,43,35,1,0.550632911,0,0,0,0
50,"Macias, Rometo",Macias,Rometo,FALSE,37,518,299,207,12,0.588803089,0,12,0,8.24E-03
51,"Maughan, Arthur",Maughan,Arthur,TRUE,47,637,467,157,13,0.7433281,0,5,0,3.42E-03
52,"McCuskey, Dave",McCuskey,Dave,FALSE,40,376,262,100,14,0.715425532,25,74,7.69E-02,5.30E-02
53,"Michael, Ed",Michael,Ed,FALSE,21,322,213,106,3,0.666149068,0,1,0,1.22E-03
54,"Miller, Erie",Miller,Erie,FALSE,27,345,203,135,7,0.598550725,4,10,2.67E-02,1.31E-02
55,"Moses, Gene",Moses,Gene,FALSE,3,29,20,8,1,0.706896552,0,0,0,0
56,"Murray, Don",Murray,Don,TRUE,41,379,301,72,6,0.802110818,0,3,0,3.89E-03
57,"Murray, John",Murray,John,FALSE,15,209,150,59,0,0.717703349,0,0,0,0
59,"Nichols, Harold",Nichols,Harold,FALSE,37,591,483,94,14,0.829103215,38,156,0.117283951,8.19E-02
60,"Otopalik, Hugo",Otopalik,Hugo,FALSE,28,230,159,65,6,0.704347826,8,22,5.13E-02,3.97E-02
63,"Patten, Charles",Patten,Charles,FALSE,19,332,234,90,8,0.71686747,0,13,0,1.25E-02
64,"Pecora, Pat",Pecora,Pat,TRUE,35,621,487,128,6,0.789049919,3,3,0.06,0.0075
65,"Peninger, Grady",Peninger,Grady,FALSE,24,336,213,113,10,0.648809524,10,56,0.040983607,3.45E-02
66,"Powell, Frank",Powell,Frank,FALSE,9,109,72,36,1,0.665137615,1,3,1.35E-02,6.76E-03
68,"Reese, John",Reese,John,FALSE,42,688,514,164,10,0.754360465,0,5,0,2.93E-03
69,"Ridenour, Charles",Ridenour,Charles,FALSE,11,114,33,74,7,0.320175439,1,2,0.1,3.33E-02
70,"Riehm, Bob",Riehm,Bob,FALSE,25,343,270,71,2,0.790087464,0,0,0,0
71,"Robertson, Port",Robertson,Port,FALSE,14,122,88,27,7,0.75,13,44,0.108333333,9.32E-02
72,"Roderick, Myron",Roderick,Myron,FALSE,13,157,140,10,7,0.914012739,20,79,0.149253731,0.115497076
74,"Sciacchetano, Larry",Sciacchetano,Larry,FALSE,14,242,151,84,7,0.638429752,0,14,0,1.62E-02
75,"Scott, Paul",Scott,Paul,FALSE,6,52,43,8,1,0.836538462,4,16,0.125,0.125
76,"Seay, Joe",Seay,Joe,FALSE,20,404,317,82,5,0.790841584,13,62,0.068421053,4.37E-02
77,"Simons, Gray",Simons,Gray,FALSE,39,537,329,203,5,0.617318436,3,21,0.0078125,7.60E-03
78,"Smith, John",Smith,John,TRUE,20,363,312,45,6,0.867768595,24,92,0.126315789,6.05E-02
80,"Speidel, Charlie",Speidel,Charlie,FALSE,34,260,191,56,13,0.759615385,6,41,2.56E-02,4.42E-02
81,"Strellner, Steve",Strellner,Steve,FALSE,8,152,84,67,1,0.555921053,0,5,0,0.0125
83,"Swenson, Jeff",Swenson,Jeff,FALSE,25,365,321,44,0,0.879452055,0,0,0,0
84,"Thom, William",Thom,William,FALSE,18,124,95,25,4,0.782258065,7,29,7.53E-02,9.86E-02
86,"Westcott, Howard",Westcott,Howard,FALSE,18,236,164,64,8,0.711864407,2,11,1.92E-02,2.02E-02
89,"Zalesky, Jim",Zalesky,Jim,TRUE,14,254,192,60,2,0.75984252,10,48,7.14E-02,4.29E-02
92,"Rein, Andy",Rein,Andy,FALSE,7,125,81,41,3,0.66,3,14,4.29E-02,0.025
93,"Patterson, Buel",Patterson,Buel,FALSE,24,292,132,144,16,0.479452055,3,20,0.015,2.23E-02
94,"Davis, Barry",Davis,Barry,TRUE,18,317,183,123,11,0.594637224,4,37,2.22E-02,2.57E-02
95,"Mooney, Bernard",Mooney,Bernard,FALSE,20,146,80,61,5,0.565068493,2,5,0.028169014,2.11E-02
96,"Johannesen, Bill",Johannesen,Bill,FALSE,4,65,43,22,0,0.661538462,2,8,0.05,3.33E-02
97,"Lam, Bill",Lam,Bill,FALSE,30,513,378,131,4,0.740740741,5,37,1.67E-02,1.61E-02
98,"Sheridan, Billy",Sheridan,Billy,FALSE,42,321,222,90,9,0.705607477,5,13,4.17E-02,3.18E-02
99,"Fehrs, Bob",Fehrs,Bob,FALSE,7,148,95,51,2,0.648648649,2,11,2.86E-02,1.96E-02
100,"Guzzo, Bob",Guzzo,Bob,FALSE,30,546,356,183,7,0.658424908,4,24,1.33E-02,1.03E-02
101,"Baumgartner, Bruce",Baumgartner,Bruce,FALSE,7,105,69,36,0,0.657142857,0,11,0,1.96E-02
102,"Campbell, Paul",Campbell,Paul,FALSE,4,22,12,9,1,0.568181818,0,1,0,0.03125
103,"Poff, Carl",Poff,Carl,FALSE,10,198,147,49,2,0.747474747,2,14,1.67E-02,1.46E-02
104,"Voyles, Carl",Voyles,Carl,FALSE,,,,,,,2,18,4.35E-02,0.124137931
105,"Fredericks, Casey",Fredericks,Casey,FALSE,29,288,135,140,13,0.491319444,1,6,0.005,5.62E-03
106,"Sherwood, Charles",Sherwood,Charles,FALSE,25,327,196,125,6,0.608562691,0,6,0,4.23E-03
108,"Mayser, Charlie",Mayser,Charlie,FALSE,28,207,179,21,7,0.881642512,0,4,0,1.96E-02
109,"McDaniel, Charlie",McDaniel,Charlie,FALSE,27,294,146,137,11,0.515306122,0,15,0,1.34E-02
110,"Reeck, Claude",Reeck,Claude,FALSE,32,301,99,187,15,0.353820598,3,21,1.79E-02,2.81E-02
111,"Keen, Clifford",Keen,Clifford,FALSE,42,368,267,91,10,0.739130435,11,69,3.56E-02,5.24E-02
112,"Cole, Clyde",Cole,Clyde,FALSE,4,29,18,10,1,0.637931034,0,1,0,0.015625
113,"Turnbull, Craig",Turnbull,Craig,TRUE,33,463,265,189,9,0.582073434,5,26,1.61E-02,1.05E-02
114,"Bahr, Dale",Bahr,Dale,FALSE,21,346,221,119,6,0.647398844,2,43,9.52E-03,2.56E-02
115,"Thomas, Dale",Thomas,Dale,FALSE,34,772,597,162,13,0.781735751,10,60,2.91E-02,2.75E-02
116,"Adams, Dave",Adams,Dave,FALSE,12,163,88,72,3,0.549079755,0,7,0,9.31E-03
117,"DeLiddo, Dennis",DeLiddo,Dennis,FALSE,24,491,312,173,6,0.641547862,3,27,1.30E-02,1.47E-02
118,"Barker, Dick",Barker,Dick,FALSE,4,26,12,14,0,0.461538462,1,8,9.90E-03,2.52E-02
119,"Briggs, Don",Briggs,Don,FALSE,14,242,147,95,0,0.607438017,0,32,0,0.025
120,"Corrigan, Don",Corrigan,Don,FALSE,6,93,44,47,2,0.483870968,0,3,0,0.01
121,"Lantz, Everett",Lantz,Everett,FALSE,26,231,145,78,8,0.645021645,1,9,5.15E-03,1.09E-02
122,"Kleven, Duane",Kleven,Duane,FALSE,11,169,124,41,4,0.74556213,9,26,0.075,0.0325
123,"Pennock, Erasteus",Pennock,Erasteus,FALSE,17,132,64,59,9,0.518939394,0,1,0,6.71E-03
124,"Carlin, Ed",Carlin,Ed,FALSE,34,478,280,191,7,0.593096234,5,23,1.60E-02,1.03E-02
125,"Nemir, Ed",Nemir,Ed,FALSE,,,,,,,1,3,3.57E-02,2.27E-02
126,"Peery, Ed",Peery,Ed,FALSE,27,412,311,89,12,0.769417476,1,28,3.65E-03,0.015695067
127,"Collins, Fendley",Collins,Fendley,FALSE,32,253,158,84,11,0.646245059,13,43,5.16E-02,4.59E-02
128,"Hitchcock, George",Hitchcock,George,FALSE,13,66,28,37,1,0.431818182,0,3,0,0.125
129,"Martin, George",Martin,George,FALSE,32,359,181,166,12,0.520891365,0,12,0,1.36E-02
130,"Leeman, Gerry",Leeman,Gerry,FALSE,18,203,161,38,4,0.802955665,9,32,4.89E-02,3.54E-02
131,"Strobel, Greg",Strobel,Greg,FALSE,13,273,189,83,1,0.694139194,2,30,1.54E-02,2.88E-02
132,"Miller, Herb",Miller,Herb,FALSE,5,35,19,15,1,0.557142857,0,1,0,4.17E-02
133,"Jack, Hubert",Jack,Hubert,FALSE,17,173,136,33,4,0.797687861,4,9,0.028169014,1.53E-02
134,"Robinson, J",Robinson,J,TRUE,25,501,368,129,4,0.738522954,12,103,4.62E-02,4.95E-02
135,"Spates, Jack",Spates,Jack,FALSE,23,441,322,110,9,0.740362812,6,61,2.61E-02,3.32E-02
136,"Adam, Jerry",Adam,Jerry,FALSE,11,92,16,72,4,0.195652174,0,2,0,8.93E-03
137,"McDaniel, Joe",McDaniel,Joe,FALSE,19,219,119,94,6,0.557077626,0,9,0,1.49E-02
138,"McFarland, Joe",McFarland,Joe,TRUE,15,264,170,89,5,0.653409091,5,43,3.33E-02,3.58E-02
139,"Wells, Joe",Wells,Joe,FALSE,14,257,161,93,3,0.63229572,2,17,1.43E-02,1.52E-02
140,"Greenlee, Joel",Greenlee,Joel,TRUE,12,234,128,103,3,0.553418803,1,8,8.33E-03,8.33E-03
141,"Fritz, John",Fritz,John,FALSE,8,157,109,46,2,0.700636943,4,22,0.05,0.034375
142,"Schutz, John",Schutz,John,FALSE,27,164,120,40,4,0.743902439,0,2,0,2.74E-02
143,"Kraft, Ken",Kraft,Ken,FALSE,21,226,117,104,5,0.528761062,2,15,8.55E-03,1.08E-02
144,"Smith, Lee Roy",Smith,Lee Roy,FALSE,9,150,91,58,1,0.61,3,28,3.33E-02,3.89E-02
145,"Bauman, Leon",Bauman,Leon,FALSE,,,,,,,0,4,0,8.89E-02
146,"Alitz, LeRoy",Alitz,LeRoy,FALSE,23,293,144,134,15,0.517064846,2,10,1.03E-02,9.40E-03
147,"Lange, Lowell",Lange,Lowell,FALSE,19,260,118,140,2,0.457692308,1,1,1.43E-02,2.36E-03
148,"Johnson, Mark",Johnson,Mark,FALSE,19,277,222,49,6,0.812274368,7,48,3.68E-02,3.16E-02
149,"Manning, Mark",Manning,Mark,TRUE,14,263,172,86,5,0.663498099,5,36,3.33E-02,0.03
150,"Howard, Mike",Howard,Mike,FALSE,30,170,90,69,11,0.561764706,3,14,2.46E-02,3.17E-02
151,"Young, Mike",Young,Mike,FALSE,18,246,141,99,6,0.585365854,1,15,3.23E-03,6.41E-03
152,"Hull, Mitch",Hull,Mitch,FALSE,4,66,38,25,3,0.598484848,1,6,0.025,0.01875
153,"Turner, Neil",Turner,Neil,FALSE,11,186,120,63,3,0.653225806,0,4,0,4.55E-03
154,"Swartz, Ray",Swartz,Ray,FALSE,26,192,141,46,5,0.747395833,4,20,2.76E-02,0.037037037
155,"Murdock, Raymond",Murdock,Raymond,FALSE,16,144,122,21,1,0.850694444,3,9,0.046875,0.03515625
156,"Peery, Rex",Peery,Rex,FALSE,16,162,116,43,3,0.725308642,13,34,8.78E-02,5.21E-02
157,"Lorenzo, Rich",Lorenzo,Rich,FALSE,14,260,187,64,9,0.736538462,5,53,3.57E-02,4.73E-02
158,"Bay, Rick",Bay,Rick,FALSE,4,51,43,5,3,0.87254902,2,12,0.05,0.05
159,"Reina, Roger",Reina,Roger,FALSE,19,314,205,104,5,0.660828025,1,17,0.00625,0.01328125
160,"Hellickson, Russ",Hellickson,Russ,FALSE,25,554,349,197,8,0.637184116,9,50,0.0375,2.60E-02
161,"Bredehoft, Ted",Bredehoft,Ted,FALSE,12,143,67,72,4,0.482517483,1,6,8.77E-03,9.62E-03
162,"Turner, Thad",Turner,Thad,FALSE,18,280,171,104,5,0.619642857,9,43,0.05,0.03359375
163,"Cysewski, Tim",Cysewski,Tim,FALSE,20,341,157,177,7,0.470674487,3,23,1.58E-02,1.51E-02
164,"Neumann, Tim",Neumann,Tim,FALSE,15,282,199,77,6,0.716312057,4,40,2.67E-02,3.33E-02
165,"Borrelli, Tom",Borrelli,Tom,TRUE,20,352,245,100,7,0.705965909,1,32,5.26E-03,2.11E-02
166,"Minkel, Tom",Minkel,Tom,TRUE,22,363,164,195,4,0.457300275,2,35,9.52E-03,2.08E-02
167,"Sunderland, Troy",Sunderland,Troy,FALSE,11,207,115,90,2,0.560386473,3,27,2.73E-02,3.07E-02
168,"Bishop, Austin",Bishop,Austin,FALSE,8,70,49,20,1,0.707142857,2,2,8.33E-02,2.08E-02
169,"Johnson, Wally",Johnson,Wally,FALSE,36,546,343,191,12,0.639194139,5,36,1.49E-02,1.89E-02
170,"O'Connell, Walter",O'Connell,Walter,FALSE,44,241,141,93,7,0.599585062,1,1,0.125,4.17E-02
171,"Koll, Bill",Koll,Bill,FALSE,29,301,208,79,14,0.714285714,6,33,2.19E-02,2.32E-02
172,"Houska, Harry",Houska,Harry,FALSE,26,358,224,126,8,0.636871508,1,15,3.56E-03,7.33E-03
174,"Dalling, Bob",Dalling,Bob,FALSE,13,257,115,137,5,0.457198444,2,4,3.33E-02,8.33E-03
175,"Witman, Clyde",Witman,Clyde,FALSE,17,260,180,76,4,0.7,0,7,0,9.16E-03
178,"Wadas, John",Wadas,John,FALSE,3,40,15,25,0,0.375,0,1,0,1.67E-02
179,"Mance, Paul",Mance,Paul,FALSE,34,601,355,236,10,0.599001664,0,3,0,1.23E-03
180,"Sanders, Roger",Sanders,Roger,FALSE,21,362,250,104,8,0.701657459,4,17,1.72E-02,9.93E-03
181,"Schultz, Mark",Schultz,Mark,FALSE,2,27,11,16,0,0.407407407,0,1,0,0.0025
182,"Cowell, Lennis",Cowell,Lennis,FALSE,18,322,167,147,8,0.531055901,0,7,0,4.61E-03
184,"Bubb, Robert",Bubb,Robert,FALSE,26,446,322,120,4,0.726457399,7,27,2.78E-02,1.51E-02
185,"Nellis, Ken",Nellis,Ken,FALSE,9,138,47,89,2,0.347826087,0,7,0,0.0109375
186,"Davis, Jack",Davis,Jack,FALSE,5,82,43,34,5,0.554878049,1,9,0.02,0.0225
187,"Effner, Jack",Effner,Jack,TRUE,22,349,167,174,8,0.489971347,0,0,0,0
189,"Koll, Rob",Koll,Rob,TRUE,18,284,205,74,5,0.730633803,7,40,3.89E-02,2.78E-02
190,"Flynn, Tim",Flynn,Tim,TRUE,14,214,154,55,5,0.731308411,3,27,0.02,0.0225
191,"Phillips, Roy",Phillips,Roy,FALSE,19,196,118,70,8,0.62244898,0,2,0,5.92E-03
192,"Gray, Ron",Gray,Ron,FALSE,29,396,253,133,10,0.651515152,0,6,0,3.15E-03
194,"Zeamer, Stan",Zeamer,Stan,FALSE,6,123,61,62,0,0.495934959,0,1,0,8.33E-03
195,"Faller, Mark",Faller,Mark,FALSE,13,238,125,112,1,0.527310924,0,1,0,0.0015625
196,"Lewis, William",Lewis,William,FALSE,16,88,63,24,1,0.721590909,0,0,0,0
197,"Lee, John",Lee,John,FALSE,17,291,165,121,5,0.575601375,0,2,0,4.12E-03
198,"Weiss, Jay",Weiss,Jay,TRUE,18,272,96,170,6,0.363970588,2,17,0.0125,0.01328125
199,"Ryan, Tom",Ryan,Tom,TRUE,16,281,171,108,2,0.612099644,3,27,0.02,0.0225
200,"Voliva, Richard",Voliva,Richard,FALSE,23,220,142,71,7,0.661363636,0,5,0,1.04E-02
201,"Oliver, Dean",Oliver,Dean,FALSE,21,314,158,147,9,0.517515924,0,2,0,0.002
202,"Goldman, Duane",Goldman,Duane,TRUE,19,375,243,127,5,0.654666667,3,23,1.67E-02,1.60E-02
203,"Blubaugh, Doug",Blubaugh,Doug,FALSE,12,255,102,145,8,0.415686275,0,3,0,3.95E-03
204,"Humphrey, Jim",Humphrey,Jim,FALSE,5,94,40,53,1,0.430851064,0,2,0,0.005
205,"Broadwell, Herbert",Broadwell,Herbert,FALSE,20,201,99,96,6,0.507462687,0,4,0,8.13E-03
206,"Knorr, Fritz",Knorr,Fritz,FALSE,19,244,125,115,4,0.520491803,0,5,0,5.08E-03
207,"Begala, Joe",Begala,Joe,FALSE,38,355,282,68,5,0.801408451,0,10,0,7.74E-03
208,"Latessa, Bob",Latessa,Bob,FALSE,1,13,11,2,0,0.846153846,0,2,0,0.025
209,"Hutchinson, Tom",Hutchinson,Tom,FALSE,6,94,29,62,3,0.324468085,1,7,0.02,0.0175
210,"Makovsky, Jim",Makovsky,Jim,TRUE,18,300,218,79,3,0.731666667,0,0,0,0
212,"Grant, Dave",Grant,Dave,TRUE,15,239,122,111,6,0.523012552,0,6,0,0.005
213,"Ford, Chris",Ford,Chris,FALSE,10,221,121,97,3,0.554298643,1,6,0.01,7.89E-03
214,"Kauffman, Len",Kauffman,Len,FALSE,8,196,74,118,4,0.387755102,0,4,0,7.69E-03
215,"Conway, Donald",Conway,Donald,FALSE,4,75,49,24,2,0.666666667,0,2,0,6.67E-03
216,"Reed, Jimmy",Reed,Jimmy,FALSE,32,235,116,105,14,0.523404255,1,3,1.43E-02,1.14E-02
217,"Johnston, John",Johnston,John,FALSE,30,610,385,216,9,0.63852459,0,8,0,4.94E-03
218,"Trujillo, Bill",Trujillo,Bill,FALSE,8,128,61,64,3,0.48828125,0,4,0,7.14E-03
219,"Reyes, Jesse",Reyes,Jesse,FALSE,15,302,179,120,3,0.597682119,0,18,0,0.0140625
220,"Roberts, Steve",Roberts,Steve,FALSE,11,154,59,94,1,0.386363636,0,1,0,1.39E-03
221,"Powell, Fred",Powell,Fred,FALSE,24,337,222,111,4,0.664688427,1,11,4.76E-03,7.24E-03
222,"Miller, Scott",Miller,Scott,FALSE,11,185,88,96,1,0.478378378,0,1,0,0.00625
223,"Smith, Brian",Smith,Brian,TRUE,14,250,161,87,2,0.648,4,28,2.67E-02,2.33E-02
224,"Barbee, Chuck",Barbee,Chuck,FALSE,10,150,86,60,4,0.586666667,0,5,0,0.00625
225,"Wicks, Reginald",Wicks,Reginald,FALSE,13,239,174,60,5,0.738493724,0,6,0,0.00625
226,"Burnett, Bruce",Burnett,Bruce,TRUE,11,151,101,50,0,0.668874172,0,10,0,1.14E-02
227,"Auble, Dave",Auble,Dave,FALSE,9,134,58,75,1,0.436567164,1,3,1.67E-02,6.82E-03
228,"Kocher, Leo",Kocher,Leo,TRUE,11,113,63,49,1,0.561946903,0,0,0,0
229,"Krouse, William",Krouse,William,FALSE,32,339,207,122,10,0.625368732,2,8,7.35E-03,5.65E-03
230,"McHugh, John",McHugh,John,FALSE,28,439,261,170,8,0.603644647,0,7,0,3.80E-03
231,"Mancuso, Robert",Mancuso,Robert,FALSE,3,39,15,23,1,0.397435897,1,3,0.05,0.03
232,"Partin, Al",Partin,Al,FALSE,4,41,15,24,2,0.390243902,0,1,0,0.0125
233,"Smith, William",Smith,William,FALSE,5,65,20,44,1,0.315384615,0,1,0,5.56E-03
234,"Borgialli, Orval",Borgialli,Orval,FALSE,14,184,73,105,6,0.413043478,0,1,0,1.24E-03
235,"Maughan, Jack",Maughan,Jack,FALSE,22,299,129,168,2,0.434782609,0,0,0,0
236,"Hancock, John",Hancock,John,FALSE,20,195,140,47,8,0.738461538,2,12,1.12E-02,1.55E-02
237,"LaBonde, Jack",LaBonde,Jack,FALSE,15,222,152,68,2,0.689189189,0,5,0,6.54E-03
238,"Kearney, Chuck",Kearney,Chuck,FALSE,10,162,67,95,0,0.413580247,1,5,0.01,0.00625
239,"Finley, Ron",Finley,Ron,FALSE,28,504,311,185,8,0.625,0,22,0,1.06E-02
240,"Keith, Art",Keith,Art,FALSE,5,81,37,42,2,0.469135802,1,4,1.85E-02,1.23E-02
241,"Frey, Don",Frey,Don,FALSE,9,91,61,28,2,0.681318681,0,1,0,3.21E-03
242,"Stottlemyer, Rande",Stottlemyer,Rande,TRUE,32,515,281,222,12,0.557281553,3,29,0.009375,0.011328125
243,"Scalzo, Joe",Scalzo,Joe,FALSE,15,125,94,28,3,0.764,1,12,6.29E-03,1.67E-02
244,"Suder, Steven",Suder,Steven,FALSE,19,262,125,135,2,0.480916031,0,6,0,3.95E-03
246,"Waterman, Bert",Waterman,Bert,FALSE,17,254,130,116,8,0.527559055,1,5,8.26E-03,6.05E-03
247,"Roper, Wes",Roper,Wes,FALSE,12,171,73,94,4,0.438596491,0,10,0,1.14E-02
248,"Kopnisky, Robert",Kopnisky,Robert,FALSE,12,200,125,72,3,0.6325,0,11,0,0.0125
249,"Ritchey, Mike",Ritchey,Mike,TRUE,16,214,148,66,0,0.691588785,0,0,0,0
255,"Puebla, Kevin",Puebla,Kevin,FALSE,13,232,168,57,7,0.739224138,0,0,0,0
258,"Farrell, William",Farrell,William,FALSE,1,5,2,2,1,0.5,0,0,0,0
260,"Hunt, Briggs",Hunt,Briggs,FALSE,17,86,49,35,2,0.581395349,0,3,0,1.07E-02
281,"Baughman, Wayne",Baughman,Wayne,FALSE,27,321,183,134,4,0.576323988,0,4,0,1.82E-03
286,"Baxter, Al",Baxter,Al,FALSE,26,500,376,119,5,0.757,0,0,0,0
288,"Asgari, Ardeshir",Asgari,Ardeshir,FALSE,10,120,29,90,1,0.245833333,0,4,0,0.005
297,"Bowyer, Jeff",Bowyer,Jeff,FALSE,14,212,112,100,0,0.528301887,0,1,0,1.04E-03
298,"Schuyler, Pete",Schuyler,Pete,FALSE,13,228,80,147,1,0.353070175,0,1,0,0.00625
301,"Mitchell, Dave",Mitchell,Dave,TRUE,5,90,53,36,1,0.594444444,0,0,0,0
303,"Whitehill, Budd",Whitehill,Budd,FALSE,,,,,,,0,1,0,1.52E-02
309,"Taylor, Gary",Taylor,Gary,TRUE,33,584,371,209,4,0.63869863,0,13,0,0.005078125
321,"Bernstein, Lenny",Bernstein,Lenny,FALSE,13,200,106,92,2,0.535,0,6,0,0.00625
322,"Edwards, George",Edwards,George,FALSE,25,293,158,133,2,0.542662116,0,2,0,1.16E-03
323,"Mourlam, Keith",Mourlam,Keith,FALSE,8,125,50,74,1,0.404,0,3,0,5.36E-03
324,"Cheynet, Jerry",Cheynet,Jerry,FALSE,22,361,188,167,6,0.529085873,0,1,0,1.09E-03
325,"Teske, Frank",Teske,Frank,FALSE,23,229,123,101,5,0.548034934,0,1,0,1.73E-03
326,"Monseau, Vince",Monseau,Vince,FALSE,18,258,152,103,3,0.59496124,0,0,0,0
328,"Waggoner, Greg",Waggoner,Greg,FALSE,12,141,69,69,3,0.5,0,0,0,0
333,"Adams, Carl",Adams,Carl,TRUE,29,454,270,179,5,0.600220264,0,5,0,2.02E-03
334,"Buttry, Rod",Buttry,Rod,FALSE,,,,,,,0,1,0,0.0125
335,"Arroyo, Daryl",Daryl,Arroyo,TRUE,21,470,303,161,6,0.65106383,0,0,0,0
338,"Jarman, Tom",Jarman,Tom,FALSE,10,191,111,79,1,0.583769634,1,11,0.0125,0.0171875
353,"Umbach, Arnold",Umbach,Arnold,FALSE,28,270,230,38,2,0.855555556,1,3,0.008,4.82E-03
354,"Hess, Marvin",Hess,Marvin,FALSE,23,359,193,155,11,0.552924791,0,2,0,1.81E-03
355,"Kinyon, James",Kinyon,James,FALSE,11,129,72,56,1,0.562015504,0,2,0,2.63E-03
356,"Robinson, Pete",Robinson,Pete,FALSE,26,311,172,132,7,0.564308682,0,4,0,6.19E-03
357,"Miller, Jim",Miller,Jim,TRUE,20,416,377,36,3,0.909855769,0,0,0,0
358,"Noel, Andy",Noel,Andy,FALSE,14,191,108,82,1,0.568062827,0,1,0,1.85E-03
359,"Pifer, Ron",Pifer,Ron,FALSE,3,59,31,26,2,0.542372881,0,0,0,0
360,"Steers, Ed",Steers,Steers,FALSE,13,258,194,60,4,0.759689922,0,3,0,4.29E-03
361,"Giles, Todd",Giles,Todd,FALSE,2,29,11,17,1,0.396551724,0,0,0,0
362,"Appleton, Lloyd",Appleton,Lloyd,FALSE,17,142,86,51,5,0.623239437,0,1,0,9.62E-03
363,"Amato, Dave",Amato,Dave,TRUE,28,543,300,239,4,0.556169429,0,2,0,1.04E-03
364,"Anderton, Ralph",Anderton,Ralph,FALSE,14,126,53,65,8,0.452380952,0,1,0,5.56E-03
365,"Russo, Ron",Russo,Ron,FALSE,18,228,133,92,3,0.589912281,0,2,0,3.23E-03
366,"Montano, Lou",Montano,Lou,FALSE,9,121,69,51,1,0.574380165,0,0,0,0
367,"Buckley, Brendan",Buckley,Brendan,TRUE,11,156,71,84,1,0.458333333,0,2,0,2.78E-03
368,"Seckler, Jerry",Seckler,Jerry,FALSE,5,62,26,34,2,0.435483871,0,0,0,0
369,"Waite, Richard",Waite,Richard,FALSE,12,128,37,83,8,0.3203125,0,1,0,5.21E-03
370,"Peterson, Gus",Peterson,Gus,FALSE,34,264,108,152,4,0.416666667,0,0,0,0
378,"Lauchle, Larry",Lauchle,Larry,FALSE,16,245,94,144,7,0.397959184,0,0,0,0
382,"Sacchi, John",Sacchi,John,FALSE,17,272,166,101,5,0.619485294,0,1,0,1.04E-03
383,"Scandura, Joe",Scandura,Joe,FALSE,7,65,38,24,3,0.607692308,2,5,0.05,2.78E-02
385,"Villecco, Jerry",Villecco,Jerry,FALSE,5,92,66,25,1,0.722826087,1,5,1.11E-02,7.14E-03
386,"Steiler, Dave",Steiler,Dave,FALSE,10,156,106,47,3,0.689102564,0,0,0,0
387,"McCreary, Bob",McCreary,Bob,FALSE,5,60,28,31,1,0.475,1,1,0.024390244,4.07E-03
388,"Rogers, John",Rogers,John,FALSE,11,135,83,48,4,0.62962963,0,1,0,2.51E-03
392,"Fozzard, Fred",Fozzard,Fred,FALSE,2,31,12,19,0,0.387096774,0,0,0,0
396,"Seras, Andy",Seras,Andy,FALSE,5,78,28,50,0,0.358974359,0,1,0,0.0025
397,"Jones, Zeke",Jones,Zeke,FALSE,3,49,31,17,1,0.642857143,2,3,6.67E-02,0.0125
398,"Duroe, Mike",Duroe,Mike,TRUE,6,136,79,54,3,0.591911765,0,0,0,0
402,"Childs, Jack",Childs,Jack,FALSE,35,715,421,285,9,0.595104895,0,2,0,9.26E-04
403,"Grebinar, Phil",Grebinar,Phil,FALSE,33,581,414,161,6,0.717728055,0,0,0,0
404,"Myers, Willie",Myers,Willie,FALSE,36,444,301,136,7,0.685810811,0,0,0,0
405,"Volkmann, Kerry",Volkmann,Kerry,TRUE,24,407,283,119,5,0.701474201,0,0,0,0
406,"Parker, Doug",Parker,Doug,FALSE,35,655,485,159,11,0.748854962,0,2,0,2.78E-03
410,"Ortiz, Thom",Ortiz,Thom,FALSE,8,139,78,60,1,0.564748201,1,14,0.0125,0.021875
415,"Santoro, Pat",Santoro,Pat,TRUE,8,155,102,51,2,0.664516129,1,5,1.43E-02,8.93E-03
416,"Azevedo, John",Azevedo,John,TRUE,8,114,53,61,0,0.464912281,0,10,0,0.015625
417,"Mock, C.D.",Mock,C.D.,TRUE,8,144,74,67,3,0.524305556,0,1,0,0.0015625
418,"Andrassy, Jim",Andrassy,Jim,TRUE,8,154,100,53,1,0.652597403,1,5,0.0125,0.0078125
419,"Romano, Frank",Romano,Frank,FALSE,7,141,99,41,1,0.705673759,0,0,0,0
420,"Jordan, Carter",Jordan,Carter,TRUE,7,132,62,67,3,0.481060606,1,2,1.43E-02,3.57E-03
421,"Bonomo, Rocky",Bonomo,Rocky,FALSE,7,118,52,65,1,0.444915254,0,2,0,3.57E-03
422,"Cox, Ken",Cox,Ken,FALSE,13,222,148,70,4,0.675675676,0,2,0,5.26E-03
423,"New, Michael",New,Michael,FALSE,9,163,53,110,0,0.325153374,0,2,0,0.00625
424,"Pearson, Eric",Pearson,Eric,FALSE,3,37,8,27,2,0.243243243,0,0,0,0
425,"Borzio, Angelo",Borzio,Angelo,FALSE,7,124,68,56,0,0.548387097,0,0,0,0
426,"DiGioacchino, Dom",DiGioacchino,Dom,FALSE,8,161,99,59,3,0.624223602,0,0,0,0
427,"Wirnsberger, Dan",Wirnsberger,Dan,TRUE,8,147,76,69,2,0.523809524,0,4,0,0.00625
428,"Martucci, Tom",Martucci,Tom,FALSE,8,120,57,61,2,0.483333333,0,0,0,0
429,"Kennedy, Dave",Kennedy,Dave,FALSE,1,14,1,13,0,7.14E-02,0,0,0,0
430,"Penrith, Brad",Penrith,Brad,FALSE,10,169,90,75,4,0.544378698,0,12,0,1.67E-02
431,"Beichner, Jim",Beichner,Jim,TRUE,16,253,143,106,4,0.57312253,0,1,0,8.33E-04
432,"Martin, Steve",Martin,Steve,TRUE,7,132,86,44,2,0.659090909,0,4,0,7.14E-03
433,"Schwab, Mark",Schwab,Mark,FALSE,4,75,40,35,0,0.533333333,0,0,0,0
434,"Harshaw, Jim",Harshaw,Jim,FALSE,3,59,21,38,0,0.355932203,0,0,0,0
435,"Presley, Fran",Presley,Fran,FALSE,5,97,28,67,2,0.298969072,0,0,0,0
436,"Stewart, Mick",Stewart,Mick,FALSE,1,19,8,11,0,0.421052632,0,0,0,0
437,"Laudenslager, John",Laudenslager,John,TRUE,8,181,115,61,5,0.649171271,0,0,0,0
438,"Davison, William",Davison,William,FALSE,22,154,60,89,5,0.405844156,0,0,0,0
439,"O'Donnell, Eddie",O'Donnell,Eddie,FALSE,11,76,52,22,2,0.697368421,0,2,0,0.025
440,"O'Donnell, John",O'Donnell,John,FALSE,16,152,73,72,7,0.503289474,1,2,2.08E-02,1.04E-02
441,"Campbell, Red",Campbell,Red,FALSE,5,50,9,40,1,0.19,0,2,0,8.13E-03
442,"Zellner, Alan",Zellner,Alan,FALSE,8,210,104,106,0,0.495238095,0,0,0,0
443,"Clinton, Ron",Clinton,Ron,FALSE,18,222,110,111,1,0.497747748,1,13,5.88E-03,0.01
444,"Prehn, Paul",Prehn,Paul,FALSE,9,47,42,5,0,0.893617021,0,1,0,4.76E-02
445,"Johnson, Greg",Johnson,Greg,FALSE,5,91,37,52,2,0.417582418,0,1,0,0.0025
446,"Porter, Tom",Porter,Tom,FALSE,5,90,39,50,1,0.438888889,0,0,0,0
447,"Kenney, H.E.",Kenney,H.E.,FALSE,16,126,92,31,3,0.742063492,8,29,7.77E-02,8.71E-02
448,"Robinson, Jack",Robinson,Jack,FALSE,5,77,26,50,1,0.344155844,0,0,0,0
449,"Law, Glenn",Law,Glenn,FALSE,6,47,30,15,2,0.659574468,1,12,0.03125,0.09375
450,"Pickett, Bob",Pickett,Bob,FALSE,18,180,88,85,7,0.508333333,0,2,0,4.02E-03
451,"Gallagher, Cliff",Gallagher,Cliff,FALSE,9,76,53,18,5,0.730263158,0,3,0,1.47E-02
452,"Johnson, Pat",Johnson,Pat,FALSE,4,33,19,14,0,0.575757576,1,1,0.0625,2.08E-02
453,"Kitt, Karl",Kitt,Karl,FALSE,18,194,113,79,2,0.587628866,1,7,6.49E-03,7.92E-03
454,"Crawford, Al",Crawford,Al,FALSE,21,187,84,95,8,0.470588235,0,0,0,0
455,"Barnes, Sam",Barnes,Sam,FALSE,25,273,82,184,7,0.313186813,0,0,0,0
456,"Quinlan, Chuck",Quinlan,Chuck,FALSE,23,143,74,64,5,0.534965035,0,0,0,0
457,"Daniels, Jerry",Daniels,Jerry,FALSE,7,99,60,36,3,0.621212121,0,0,0,0
458,"Hickman, Herman",Hickman,Herman,FALSE,6,39,20,19,0,0.512820513,0,0,0,0
459,"Hammer, Bill",Hammer,Bill,FALSE,14,168,82,82,4,0.5,0,0,0,0
460,"Reuter, Mike",Reuter,Mike,FALSE,8,80,43,34,3,0.55625,0,0,0,0
461,"Johns, Ed",Johns,Ed,FALSE,1,14,6,8,0,0.428571429,0,0,0,0
462,"Sothmann, Mark",Sothmann,Mark,FALSE,5,87,17,68,2,0.206896552,0,0,0,0
463,"Beers, Leslie",Beers,Leslie,FALSE,2,11,3,7,1,0.318181818,0,0,0,0
464,"Esteppe, Marshall",Esteppe,Marshall,FALSE,4,37,11,26,0,0.297297297,0,0,0,0
465,"Fisher, Charles",Fisher,Charles,FALSE,13,67,25,41,1,0.380597015,0,1,0,2.22E-02
466,"Whitney, Hap",Whitney,Hap,FALSE,11,156,93,60,3,0.605769231,0,0,0,0
467,"Sappington, Guy",Sappington,Guy,FALSE,1,6,1,5,0,0.166666667,0,0,0,0
468,"Bartelma, Dave",Bartelma,Dave,FALSE,13,119,81,33,5,0.701680672,3,9,5.45E-02,4.79E-02
469,"Hanson, Stanley",Hanson,Stanley,FALSE,3,23,9,13,1,0.413043478,0,2,0,0.0625
470,"McKusick, Brian",McKusick,Brian,FALSE,13,63,20,41,2,0.333333333,0,0,0,0
471,"Gilman, Frank",Gilman,Frank,FALSE,3,8,1,7,0,0.125,0,0,0,0
472,"Osell, Clarence",Osell,Clarence,FALSE,1,5,3,1,1,0.7,0,0,0,0
473,"Clapp, Raymond",Clapp,Raymond,FALSE,9,34,17,16,1,0.514705882,0,0,0,0
474,"Kellogg, John",Kellogg,John,FALSE,4,29,13,15,1,0.465517241,0,0,0,0
475,"Strasheim, Don",Strasheim,Don,FALSE,3,28,3,25,0,0.107142857,0,0,0,0
476,"Sparano, Mickey",Sparano,Mickey,FALSE,1,9,5,3,1,0.611111111,0,0,0,0
477,"Dixon, Jim",Dixon,Jim,FALSE,9,34,23,7,4,0.735294118,0,1,0,5.21E-03
478,"Peterson, Hal",Peterson,Hal,FALSE,1,10,8,2,0,0.8,0,0,0,0
479,"Reed, Robin",Reed,Robin,FALSE,,,,,,,0,0,0,0
480,"Antonacci, Bob",Antonacci,Bob,FALSE,3,14,11,3,0,0.785714286,0,0,0,0
481,"Allman, D.I.",Allman,D.I.,FALSE,4,19,16,3,0,0.842105263,0,0,0,0
482,"Wilkinson, James",Wilkinson,James,FALSE,16,133,81,47,5,0.627819549,2,7,0.013986014,1.00E-02
483,"Novak, Brandon",Novak,Brandon,FALSE,2,23,8,15,0,0.347826087,0,0,0,0
484,"Brennan, John",Brennan,John,FALSE,8,65,24,36,5,0.407692308,0,0,0,0
485,"Schroder, A.",Schroder,A.,FALSE,3,19,9,10,0,0.473684211,0,0,0,0
486,"Heilman, William",Heilman,William,FALSE,2,10,4,6,0,0.4,0,0,0,0
487,"Servias, Bunny",Servias,Bunny,FALSE,10,72,27,45,0,0.375,0,0,0,0
488,"Leonard, J. Mason",Leonard,J. Mason,FALSE,4,20,3,15,2,0.2,0,0,0,0
489,"Riggs, William",Riggs,William,FALSE,2,13,3,10,0,0.230769231,0,0,0,0
490,"Jenkins, Tom",Jenkins,Tom,FALSE,15,101,52,46,3,0.52970297,0,0,0,0
491,"Dowler, Joe",Dowler,Joe,FALSE,14,167,105,62,0,0.628742515,0,2,0,1.96E-03
492,"Bliss, Scott",Bliss,Scott,FALSE,2,26,16,10,0,0.615384615,0,2,0,0.0125
493,"Mangus, Glenn",Mangus,Glenn,FALSE,1,9,6,3,0,0.666666667,0,0,0,0
494,"Mangus, Harry",Mangus,Harry,FALSE,,,,,,,0,0,0,0
495,"Grow, Lloyd",Grow,Lloyd,FALSE,3,8,0,8,0,0,0,0,0,0
496,"Francis, Dick",Francis,Dick,FALSE,16,248,108,137,3,0.441532258,1,2,8.85E-03,2.87E-03
497,"Kimberly, Max",Kimberly,Max,FALSE,3,24,18,6,0,0.75,0,0,0,0
498,"Finger, Frank",Finger,Frank,FALSE,17,151,81,67,3,0.546357616,0,1,0,0.00625
499,"Caruso, Mike",Caruso,Mike,FALSE,1,9,2,6,1,0.277777778,0,0,0,0
500,"Turner, Mebane",Turner,Mebane,FALSE,2,23,13,9,1,0.586956522,0,0,0,0
501,"Schwab, Butch",Schwab,Butch,FALSE,2,26,12,14,0,0.461538462,0,0,0,0
502,"Graves, Lewis",Graves,Lewis,FALSE,3,15,3,12,0,0.2,0,0,0,0
503,"Liggett, Walter",Liggett,Walter,FALSE,2,9,1,8,0,0.111111111,0,0,0,0
504,"Parker, Phil",Parker,Phil,FALSE,6,97,36,61,0,0.371134021,0,0,0,0
505,"Leonard, Ralph",Leonard,Ralph,FALSE,4,27,21,6,0,0.777777778,0,0,0,0
506,"Lewis, Dan",Lewis,William,FALSE,17,269,109,157,3,0.410780669,0,3,0,4.17E-03
507,"Detar, D.D",Detar,D.D.,FALSE,3,19,14,4,1,0.763157895,0,0,0,0
508,"Yerger, H.C.",Yerger,H.C.,FALSE,2,8,6,2,0,0.75,0,0,0,0
509,"Shollenberger, J.H.",Shollenberger,J.H.,FALSE,1,5,5,0,0,1,0,0,0,0
510,"Sperry, Spike",Sperry,Spike,FALSE,2,9,3,6,0,0.333333333,0,0,0,0
511,"Bonacci, Richard",Bonacci,Richard,FALSE,36,482,296,177,9,0.623443983,0,4,0,1.98E-03
512,"Thornton, Stan",Thornton,Stan,FALSE,8,89,39,50,0,0.438202247,0,0,0,0
513,"Burhans, Leon",Burhans,Leon,FALSE,3,14,2,12,0,0.142857143,0,0,0,0
514,"Devers, James",Devers,James,FALSE,2,8,2,6,0,0.25,0,0,0,0
515,"Riches, Glen",Riches,Glen,FALSE,1,4,1,3,0,0.25,0,0,0,0
516,"Schalles, Wade",Schalles,Wade,FALSE,9,170,123,44,3,0.732352941,1,2,0.0125,3.23E-03
517,"Foster, C.P.",Foster,C.P.,FALSE,10,72,34,36,2,0.486111111,0,0,0,0
518,"Martin, Billy",Martin,Billy,FALSE,1,26,13,11,2,0.538461538,0,0,0,0
519,"Cheney, Charlie",Cheney,Charlie,FALSE,4,62,6,56,0,9.68E-02,0,0,0,0
520,"Gergley, Gerald",Gergley,Gerald,FALSE,4,46,31,15,0,0.673913043,0,0,0,0
521,"King, George",King,George,FALSE,6,67,23,43,1,0.350746269,0,0,0,0
522,"LaRocque, Ron",LaRocque,Ron,FALSE,8,95,51,41,3,0.552631579,0,0,0,0
523,"Huntsman, John",Huntsman,John,FALSE,1,12,1,11,0,8.33E-02,0,0,0,0
524,"Litchard, Bob",Litchard,Bob,FALSE,3,37,18,18,1,0.5,0,0,0,0
525,"Koval, Mike",Koval,Mike,FALSE,4,51,23,27,1,0.460784314,0,0,0,0
526,"Brumbaugh, Jim",Brumbaugh,Jim,FALSE,3,33,4,29,0,0.121212121,0,0,0,0
527,"Haft, Al",Haft,Al,FALSE,5,31,22,9,0,0.709677419,0,0,0,0
528,"Hicks, Lawrence",Hicks,Lawrence,FALSE,1,7,5,2,0,0.714285714,0,0,0,0
529,"Montonaro, Anthony",Montonaro,Anthony,FALSE,1,7,1,6,0,0.142857143,0,0,0,0
530,"Jordan, Frank",Jordan,Frank,FALSE,2,7,1,5,1,0.214285714,0,0,0,0
531,"Roberts, John",Roberts,John,FALSE,1,6,4,2,0,0.666666667,0,0,0,0
532,"Gerling, Paul",Gerling,Paul,FALSE,2,15,1,14,0,6.67E-02,0,0,0,0
533,"Steinauer, Joe",Steinauer,Joe,FALSE,2,4,2,2,0,0.5,0,0,0,0
534,"Knott, Art",Knott,Art,FALSE,2,6,1,5,0,0.166666667,0,0,0,0
535,"Matthews, D.C.",Matthews,D.C.,FALSE,1,5,0,5,0,0,0,0,0,0
536,"Byrd, Harold",Byrd,Harold,FALSE,1,4,0,4,0,0,0,0,0,0
537,"Wallace, Leigh",Wallace,Leigh,FALSE,3,16,9,7,0,0.5625,0,0,0,0
538,"Jacobson, Grover",Jacobson,Grover,FALSE,2,9,2,7,0,0.222222222,0,0,0,0
539,"Pinther, Harold",Pinther,Harold,FALSE,19,257,149,103,5,0.589494163,0,0,0,0
540,"McCausland, Ralph",McCausland,Ralph,FALSE,24,299,136,162,1,0.456521739,0,6,0,0.003125
541,"Oeser, Jim",Oeser,Jim,FALSE,3,44,23,21,0,0.522727273,0,0,0,0
542,"Mabry, Don",Mabry,Don,FALSE,1,13,9,4,0,0.692307692,0,0,0,0
543,"Flavin, Don",Flavin,Don,FALSE,18,254,160,82,12,0.653543307,0,4,0,3.37E-03
544,"Vatch, Ed",Vatch,Ed,FALSE,6,119,44,75,0,0.369747899,0,0,0,0
545,"Rembert, Phil",Rember,Phil,FALSE,4,56,17,38,1,0.3125,0,0,0,0
546,"Brigham, Robert",Brigham,Robert,FALSE,10,112,69,38,5,0.638392857,1,1,2.38E-02,4.72E-03
547,"Damone, Peter",Damone,Peter,FALSE,7,83,42,37,4,0.530120482,0,0,0,0
548,"Nelson, Bill",Nelson,Bill,FALSE,17,243,98,141,4,0.411522634,0,6,0,5.75E-03
549,"Getchell, Robert",Getchell,Robert,FALSE,11,178,118,57,3,0.671348315,1,5,9.80E-03,8.17E-03
550,"Riley, Jack",Riley,Jack,FALSE,9,89,23,64,2,0.269662921,0,1,0,0.0125
551,"Harden, Sheldon",Harden,Sheldon,FALSE,14,118,66,46,6,0.584745763,0,0,0,0
552,"Sparks, Ray",Sparks,Ray,FALSE,7,71,46,19,6,0.690140845,0,1,0,5.43E-03
553,"Bedford, Booker",Bedford,Booker,FALSE,5,78,13,64,1,0.173076923,0,0,0,0
554,"Whelan, Khris",Whelan,Khris,FALSE,3,45,7,37,1,0.166666667,0,0,0,0
555,"Hicks, Dan",Hicks,Dan,TRUE,9,148,72,74,2,0.493243243,0,1,0,0.0015625
556,"Matson, Don",Matson,Don,FALSE,16,272,144,123,5,0.538602941,0,1,0,2.38E-03
557,"Brands, Tom",Brands,Tom,TRUE,7,141,114,26,1,0.812056738,6,30,8.57E-02,5.36E-02
558,"Mumby, Hugh",Mumby,Hugh,FALSE,16,195,118,71,6,0.620512821,0,0,0,0
559,"Schleicher, Fred",Schleicher,Fred,FALSE,18,161,96,60,5,0.611801242,1,3,9.71E-03,5.79E-03
560,"Skinner, Maynard",Skinner,Maynard,FALSE,1,14,4,10,0,0.285714286,0,0,0,0
561,"Woods, Ollie",Woods,Ollie,FALSE,4,44,26,17,1,0.602272727,0,3,0,0.025
562,"Wagner, Jack",Wagner,Jack,FALSE,15,103,64,36,3,0.63592233,1,7,1.14E-02,2.08E-02
563,"Long, Linn",Long,Linn,FALSE,21,382,193,184,5,0.511780105,3,13,1.55E-02,1.14E-02
564,"Mullison, Don",Mullison,Don,FALSE,11,122,36,82,4,0.31147541,0,6,0,9.04E-03
565,"Wilson, Shelby",Wilson,Shelby,FALSE,6,77,29,44,4,0.402597403,0,2,0,5.46E-03
586,"Jenkins, Ray",Jenkins,Ray,FALSE,10,117,63,52,2,0.547008547,0,5,0,1.33E-02
587,"Harrison, Larry",Harrison,Larry,FALSE,7,96,24,72,0,0.25,0,0,0,0
588,"Rogers, Jimmy",Rogers,Jimmy,FALSE,6,61,29,31,1,0.483606557,0,0,0,0
589,"Stuteville, Orion",Stuteville,Orion,FALSE,8,36,11,22,3,0.347222222,3,4,5.56E-02,2.47E-02
590,"Murphy, Pat",Murphy,Pat,FALSE,4,27,20,6,1,0.759259259,0,0,0,0
591,"Smith, Gene",Smith,Gene,FALSE,2,13,8,5,0,0.615384615,0,0,0,0
592,"Smith, Deroit",Smith,Deroit,FALSE,1,7,1,6,0,0.142857143,0,0,0,0
593,"Barnett, Gerald",Barnett,Gerald,FALSE,1,5,1,4,0,0.2,0,0,0,0
594,"Lynch, Frank",Lynch,Frank,FALSE,2,7,2,4,1,0.357142857,0,0,0,0
595,"Sager, Mike",Sager,Mike,FALSE,8,118,53,62,3,0.461864407,0,2,0,3.85E-03
596,"Milliron, Virgil",Milliron,Virgil,FALSE,4,50,21,28,1,0.43,0,0,0,0
597,"Milkovich, Tom",Milkovich,Tom,FALSE,3,40,29,9,2,0.75,0,5,0,1.67E-02
598,"Davis, Fred",Davis,Fred,FALSE,20,304,210,89,5,0.699013158,0,18,0,1.41E-02
599,"Wirth, Joe",Wirth,Joe,FALSE,5,61,14,47,0,0.229508197,0,0,0,0
600,"Nero, Alan",Nero,Alan,FALSE,4,68,48,20,0,0.705882353,0,1,0,4.17E-03
601,"Barton, Gary",Barton,Gary,FALSE,3,47,36,8,3,0.79787234,0,0,0,0
602,"Leathers, Roger",Leathers,Roger,FALSE,4,45,26,17,2,0.6,0,0,0,0
603,"Tressler, Jim",Tressler,Jim,FALSE,2,31,8,23,0,0.258064516,0,0,0,0
604,"Samuelson, Dale",Samuelson,Dale,FALSE,1,11,5,6,0,0.454545455,0,0,0,0
605,"Hollinger, Dave",Hollinger,Dave,FALSE,12,177,92,79,6,0.536723164,0,5,0,7.37E-03
606,"Wilson, Dick",Wilson,Dick,FALSE,7,74,39,32,3,0.547297297,1,6,1.20E-02,1.20E-02
607,"Horn, Bob",Horn,Bob,FALSE,,,,,,,0,2,0,3.03E-02
608,"Davis, Bob",Davis,Bob,FALSE,5,74,25,48,1,0.344594595,0,0,0,0
609,"Bowles, Harvey",Bowles,Harvey,FALSE,10,96,59,36,1,0.619791667,0,3,0,0.0046875
610,"Swartz, Ed",Swartz,Ed,FALSE,2,24,5,19,0,0.208333333,0,1,0,1.67E-02
611,"Adams, Hewitt",Adams,Hewitt,FALSE,2,37,10,27,0,0.27027027,0,0,0,0
612,"Boone, Joe",Boone,Joe,FALSE,1,10,5,5,0,0.5,0,0,0,0
613,"Roby, Fred",Roby,Fred,FALSE,2,15,10,5,0,0.666666667,0,0,0,0
614,"Ismay, Bill",Ismay,Bill,FALSE,1,10,8,2,0,0.8,0,0,0,0
615,"Weber, Rory",Weber,Rory,FALSE,1,9,4,5,0,0.444444444,0,0,0,0
616,"Nilsen, Reed",Nilsen,Reed,FALSE,5,31,13,17,1,0.435483871,0,0,0,0
617,"Weight, Reed",Weight,Reed,FALSE,1,9,3,6,0,0.333333333,0,0,0,0
618,"Bair, Carl",Bair,Carl,FALSE,1,8,5,3,0,0.625,0,0,0,0
619,"Whitfield, Clint",Whitfield,Clint,FALSE,2,30,20,9,1,0.683333333,0,0,0,0
620,"Blair, Walter",Blair,Walter,FALSE,3,41,22,18,1,0.548780488,0,0,0,0
621,"Roundy, Elmo",Roundy,Elmo,FALSE,1,17,9,8,0,0.529411765,0,0,0,0
622,"Karner, Ken",Karner,Ken,FALSE,3,12,5,7,0,0.416666667,0,0,0,0
623,"Yohe, Jack",Yohe,Jack,FALSE,1,7,1,6,0,0.142857143,0,0,0,0
624,"Lignelli, Frank",Lignelli,Frank,FALSE,7,73,61,12,0,0.835616438,0,0,0,0
625,"Rector, Joe",Rector,Joe,FALSE,1,12,6,6,0,0.5,0,0,0,0
626,"Adams, Adrian",Adams,Adrian,FALSE,1,10,1,9,0,0.1,0,0,0,0
627,"Reynolds, Jack",Reynolds,Jack,FALSE,5,33,26,7,0,0.787878788,0,0,0,0
628,"Kirchner, Dick",Kirchner,Dick,FALSE,8,88,63,23,2,0.727272727,0,0,0,0
629,"Mefort, C.J.",Mefort,C.J.,FALSE,1,4,0,4,0,0,0,0,0,0
630,"White, William",White,William,FALSE,1,5,1,4,0,0.2,0,0,0,0
631,"Karl, W.A.",Karl,W.A.,FALSE,3,14,4,10,0,0.285714286,0,0,0,0
632,"Carpentar, Charles",Carpentar,Charles,FALSE,2,12,4,8,0,0.333333333,0,0,0,0
633,"Schoelein, G.",Schoelein,G.,FALSE,2,15,6,8,1,0.433333333,0,0,0,0
634,"Johnson, Dave",Johnson,Dave,FALSE,2,19,4,15,0,0.210526316,0,0,0,0
635,"Collins, Leo",Collins,Leo,FALSE,2,8,0,8,0,0,0,0,0,0
636,"Orsini, Joe",Orsini,Joe,FALSE,1,4,2,2,0,0.5,0,0,0,0
637,"Oster, Earl",Oster,Earl,FALSE,1,5,0,4,1,0.1,0,0,0,0
638,"Mozeski, Ed",Mozeski,Ed,FALSE,1,5,0,5,0,0,0,0,0,0
639,"O'Connell, Eddie",O'Connell,Eddie,FALSE,3,7,5,2,0,0.714285714,0,0,0,0
640,"Matchet, J.H.",Matchet,J.H.,FALSE,2,10,4,6,0,0.4,0,0,0,0
641,"Arbuthnot, James",Arbuthnot,James,FALSE,7,16,10,3,3,0.71875,0,0,0,0
642,"Rathburn, Guy",Rathburn,Guy,FALSE,3,11,11,0,0,1,0,0,0,0
643,"McDonald, H.C.",McDonald,H.C.,FALSE,1,2,1,1,0,0.5,0,0,0,0
644,"Hargess, J.W.",Hargess,J.W.,FALSE,1,1,1,0,0,1,0,0,0,0
645,"Farrell, D.D",Farrell,D.D.,FALSE,1,4,4,0,0,1,0,0,0,0
646,"Paulsen, Fred",Paulsen,Fred,FALSE,7,26,9,15,2,0.384615385,0,0,0,0
647,"Von Bermuth, W.",Von Bermuth,W.,FALSE,2,12,6,5,1,0.541666667,0,0,0,0
648,"Embelton, N.",Embelton,N.,FALSE,1,2,0,2,0,0,0,0,0,0
649,"Craige, John",Craige,John,FALSE,2,13,4,8,1,0.346153846,0,0,0,0
650,"Mahan, Jim",Mahan,Jim,FALSE,3,47,21,24,2,0.468085106,0,0,0,0
651,"Stone, Walter",Stone,Walter,FALSE,12,133,74,50,9,0.590225564,0,0,0,0
652,"Triano, Bob",Triano,Bob,FALSE,4,72,21,50,1,0.298611111,0,0,0,0
653,"Bevilacqua, Al",Bevilacqua,Al,FALSE,3,55,34,19,2,0.636363636,0,0,0,0
654,"Gallo, Nick",Gallo,Nick,FALSE,3,53,34,19,0,0.641509434,0,2,0,8.33E-03
655,"McCann, Fran",McCann,Fran,FALSE,13,188,103,84,1,0.550531915,1,5,8.33E-03,5.43E-03
656,"Sanders, Chuck",Sanders,Chuck,FALSE,7,103,74,28,1,0.723300971,0,4,0,1.55E-02
657,"Jordan, Forrest",Jordan,Forrest,FALSE,2,15,9,6,0,0.6,0,0,0,0
658,"Boston, Clarence",Boston,Clarence,FALSE,4,35,17,17,1,0.5,0,0,0,0
659,"Evans, Walter",Evans,Walter,FALSE,3,11,7,2,2,0.727272727,0,0,0,0
660,"Elston, A.",Elston,A.,FALSE,2,3,2,1,0,0.666666667,0,0,0,0
661,"Paulsen, T.",Paulsen,T.,FALSE,1,1,1,0,0,1,0,0,0,0
662,"Fargo, R.N.",Fargo,R.N.,FALSE,1,1,0,1,0,0,0,0,0,0
663,"Wright, Pat",Wright,Pat,FALSE,5,10,3,6,1,0.35,0,0,0,0
664,"Schroeder, E.G.",Schroeder,E.G.,FALSE,6,13,9,3,1,0.730769231,0,0,0,0
665,"Courtright, Ray",Courtright,Ray,FALSE,2,10,8,2,0,0.8,0,0,0,0
666,"Thorne, Hervey",Thorne,Hervey,FALSE,1,5,4,1,0,0.8,0,0,0,0
667,"Webber, Wally",Webber,Wally,FALSE,1,6,3,1,2,0.666666667,0,0,0,0
668,"Hicks, Red",Hicks,Red,FALSE,4,23,12,11,0,0.52173913,0,0,0,0
669,"Drennan, Buck",Drennan,Buck,FALSE,5,30,5,24,1,0.183333333,0,0,0,0
670,"Morrah, Dave",Morrah,Dave,FALSE,2,12,7,5,0,0.583333333,0,0,0,0
671,"Matthewson, Joe",Matthewson,Joe,FALSE,1,7,3,4,0,0.428571429,0,0,0,0
672,"Shapiro, Albert",Shapiro,Albert,FALSE,4,22,12,9,1,0.568181818,0,0,0,0
673,"Luster, Dewey",Luster,Dewey,FALSE,1,2,0,2,0,0,0,0,0,0
674,"Tolbert, James",Tolbert,James,FALSE,2,10,6,3,1,0.65,0,0,0,0
675,"Finley, E.R.",Finley,E.R.,FALSE,2,2,0,0,2,0.5,0,0,0,0
676,"Nolte, E.B.",Nolte,E.B.,FALSE,1,1,1,0,0,1,0,0,0,0
677,"Schlatter, Fred",Schlatter,Fred,FALSE,2,4,3,0,1,0.875,0,0,0,0
678,"Douglas, Jim",Douglas,Jim,FALSE,2,16,10,5,1,0.65625,0,0,0,0
679,"Lehman, R.G.",Lehman,R.G.,FALSE,1,5,2,3,0,0.4,0,0,0,0
680,"Ecklund, H.",Ecklund,H.,FALSE,1,2,2,0,0,1,0,0,0,0
681,"Bender, Paul",Bender,Paul,FALSE,8,27,18,9,0,0.666666667,0,0,0,0
682,"Lyons, Ed",Lyons,Ed,FALSE,1,11,8,2,1,0.772727273,0,0,0,0
683,"Thomas, Cromwell",Thomas,Cromwell,FALSE,3,6,3,3,0,0.5,0,0,0,0
684,"Blockus, Lou",Blockus,Lou,FALSE,1,7,1,6,0,0.142857143,0,0,0,0
685,"Roberts, A.S.",Roberts,A.S.,FALSE,2,8,5,3,0,0.625,0,0,0,0
686,"Tabor, Joe",Tabor,Joe,FALSE,1,4,2,2,0,0.5,0,0,0,0
687,"Lynch, James",Lynch,James,FALSE,3,6,2,1,3,0.583333333,0,0,0,0
688,"Lynch, Jack",Lynch,Jack,FALSE,3,9,5,4,0,0.555555556,0,0,0,0
689,"Raisch, Clarence",Raisch,Clarence,FALSE,2,6,2,4,0,0.333333333,0,0,0,0
690,"Titus, Grover",Titus,Grover,FALSE,1,1,0,1,0,0,0,0,0,0
691,"Bennett, Tony",Bennett,Tony,FALSE,1,2,0,2,0,0,0,0,0,0
692,"Rodriguez, Fred",Rodriguez,Fred,FALSE,1,14,3,11,0,0.214285714,0,0,0,0
693,"Wiley, Asa",Wiley,Asa,FALSE,6,66,41,23,2,0.636363636,0,0,0,0
694,"Auxter, Dave",Auxter,Dave,FALSE,1,10,2,8,0,0.2,0,0,0,0
695,"Campbell, Don",Campbell,Don,FALSE,2,22,10,11,1,0.477272727,0,0,0,0
696,"Patterson, Duane",Patterson,Duane,FALSE,1,4,2,2,0,0.5,0,0,0,0
697,"Cann, Wilfred",Cann,Wilfred,FALSE,4,25,11,13,1,0.46,0,0,0,0
698,"Shepard, Fred",Shepard,Fred,FALSE,4,32,16,13,3,0.546875,0,0,0,0
699,"Burtnett, Bary",Burtnett,Bary,FALSE,8,124,88,34,2,0.717741935,0,0,0,0
700,"Nedoff, George",Nedoff,George,FALSE,7,96,58,35,3,0.619791667,0,0,0,0
701,"Smith, Jim",Smith,Jim,FALSE,9,152,104,42,6,0.703947368,2,15,2.41E-02,3.01E-02
702,"Anderson, Les",Anderson,Les,FALSE,2,26,16,10,0,0.615384615,0,2,0,1.11E-02
703,"Sipe, Darren",Sipe,Darren,FALSE,2,45,29,16,0,0.644444444,0,0,0,0
704,"Liechti, Fred",Liechti,Fred,FALSE,4,69,33,36,0,0.47826087,0,0,0,0
705,"Munn, John",Munn,John,FALSE,3,36,4,31,1,0.125,0,0,0,0
706,"Colville, A.M.",Colville,A.M.,FALSE,1,1,0,1,0,0,0,0,0,0
707,"Baird, L.E.",Baird,L.E.,FALSE,1,6,0,6,0,0,0,0,0,0
708,"DiBatista, Dick",DiBatista,Dick,FALSE,10,68,23,42,3,0.360294118,0,0,0,0
709,"Gerstemeier, Bill",Gerstemeier,Bill,FALSE,6,54,15,39,0,0.277777778,0,0,0,0
710,"Frey, Doug",Frey,Doug,FALSE,10,80,55,22,3,0.70625,0,0,0,0
711,"Floyd, Tom",Floyd,Tom,FALSE,1,13,12,1,0,0.923076923,0,0,0,0
712,"Ullom, Verne",Ullom,Verne,FALSE,1,9,4,5,0,0.444444444,0,0,0,0
713,"Thomas, H.D.",Thomas,H.D.,FALSE,2,10,2,8,0,0.2,0,0,0,0
714,"Lannigan, Pop",Lannigan,Pop,FALSE,1,6,2,4,0,0.333333333,0,0,0,0
715,"Smith, Nita",Smith,Nita,FALSE,1,6,2,4,0,0.333333333,0,0,0,0
716,"Mainfort, Bobby",Mainfort,Bobby,FALSE,1,2,1,1,0,0.5,0,0,0,0
717,"Learned, Allan",Learned,Allan,FALSE,3,28,14,13,1,0.517857143,0,0,0,0
718,"Altman, William",Altman,William,FALSE,6,39,17,21,1,0.448717949,0,0,0,0
719,"Tilson, C.E.",Tilson,C.E.,FALSE,6,31,8,22,1,0.274193548,0,0,0,0
720,"Herring, George",Herring,George,FALSE,10,54,33,19,2,0.62962963,0,0,0,0
721,"Anderson, C.E.",Anderson,C.E.,FALSE,1,7,3,4,0,0.428571429,0,0,0,0
722,"Cubbage, Ben",Cubbage,Ben,FALSE,1,3,1,2,0,0.333333333,0,0,0,0
723,"Sutton, S.B.",Sutton,S.B.,FALSE,1,2,2,0,0,1,0,0,0,0
724,"Bryant, Charles",Bryant,Charles,FALSE,1,9,2,7,0,0.222222222,0,0,0,0
725,"Gregory, Warren",Gregory,Warren,FALSE,3,36,25,9,2,0.722222222,0,0,0,0
726,"Febel, Fritz",Febel,Fritz,FALSE,2,18,9,8,1,0.527777778,0,0,0,0
727,"Rich, Robert",Rich,Robert,FALSE,1,2,2,0,0,1,0,0,0,0
728,"Van Bibber, George",Van Bibber,George,FALSE,1,6,0,6,0,0,0,0,0,0
729,"Wilson, Robert",Wilson,Robert,FALSE,5,29,13,15,1,0.465517241,0,0,0,0
730,"Fine, Sidney",Fine,Sidney,FALSE,1,6,2,4,0,0.333333333,0,0,0,0
731,"Lehr, Andy",Lehr,Andy,FALSE,1,3,2,1,0,0.666666667,0,0,0,0
732,"Eudeikis, Robert",Eudeikis,Robert,FALSE,1,10,7,2,1,0.75,0,0,0,0
733,"O'Brien, Maynard",O'Brien,Maynard,FALSE,3,14,1,13,0,7.14E-02,0,0,0,0
734,"Nanovsky, John",Nanovsky,John,FALSE,1,5,0,5,0,0,0,0,0,0
735,"Schafram, Jay",Schafram,Jay,FALSE,1,7,3,4,0,0.428571429,0,0,0,0
736,"Reed, James",Reed,James,FALSE,10,76,26,47,3,0.361842105,0,0,0,0
737,"Shaut, Frank",Shaut,Frank,FALSE,1,9,1,8,0,0.111111111,0,0,0,0
738,"Cserep, Dave",Cserep,Dave,FALSE,1,10,2,8,0,0.2,0,0,0,0
739,"Fleming, Paul",Fleming,Paul,FALSE,1,10,2,8,0,0.2,0,0,0,0
740,"Linn, Ken",Linn,Ken,FALSE,1,14,3,11,0,0.214285714,0,0,0,0
741,"Greene, Billy",Greene,Billy,FALSE,6,119,22,95,2,0.193277311,0,0,0,0
742,"Ockershausen, George",Ockershausen,George,FALSE,9,67,20,44,3,0.320895522,0,0,0,0
743,"Tyskowski, Walt",Tyskowski,Walt,FALSE,2,15,2,12,1,0.166666667,0,0,0,0
744,"Mitterling, Ralph",Mitterling,Ralph,FALSE,5,34,22,10,2,0.676470588,0,0,0,0
745,"Grimm, Frank",Grimm,Frank,FALSE,1,7,3,4,0,0.428571429,0,0,0,0
746,"Snavely, Ed",Snavely,Ed,FALSE,3,21,6,14,1,0.30952381,0,0,0,0
747,"Lorenz, H.A.",Lorenz,H.A.,FALSE,3,23,10,13,0,0.434782609,0,0,0,0
748,"DeAnna, Mike",DeAnna,Mike,FALSE,6,90,55,34,1,0.616666667,1,12,1.67E-02,0.025
749,"Isike, Richard",Isike,Richard,FALSE,1,10,6,4,0,0.6,0,0,0,0
750,"Mullins, Jerry",Mullins,Jerry,FALSE,1,15,15,0,0,1,0,0,0,0
751,"Rinker, Roger",Rinker,Roger,FALSE,5,77,40,34,3,0.538961039,0,0,0,0
752,"Connor, Mike",Connor,Mike,FALSE,5,122,43,76,3,0.364754098,0,0,0,0
753,"Moyer, Mike",Moyer,Mike,FALSE,10,157,126,29,2,0.808917197,0,4,0,0.005
754,"Shaffer, Brian",Shaffer,Brian,FALSE,13,174,94,79,1,0.543103448,0,0,0,0
755,"Mendez, Lou",Mendez,Lou,FALSE,1,16,9,7,0,0.5625,0,0,0,0
756,"Koenig, Ken",Koenig,Ken,FALSE,1,13,6,7,0,0.461538462,0,0,0,0
757,"Kodis, Victor",Kodis,Victor,FALSE,1,9,4,5,0,0.444444444,0,0,0,0
758,"Sargent, Bliss",Bliss,Sargent,FALSE,1,9,4,4,1,0.5,0,0,0,0
759,"Gabriel, Steve",Gabriel,Steve,FALSE,7,85,65,18,2,0.776470588,0,0,0,0
760,"Carter, Doug",Carter,Doug,FALSE,1,6,4,2,0,0.666666667,0,0,0,0
761,"Meyer, Frank",Meyer,Frank,FALSE,3,29,22,4,3,0.810344828,0,0,0,0
762,"Edminsten, Joe",Edminsten,Joe,FALSE,1,11,10,1,0,0.909090909,0,0,0,0
763,"Chandler, Buddy",Chandler,Buddy,FALSE,1,9,4,5,0,0.444444444,0,0,0,0
764,"Sanchez, Gil",Sanchez,Gil,FALSE,2,43,27,15,1,0.639534884,2,3,0.1,0.01875
765,"Albright, Alan",Albright,Alan,FALSE,9,119,56,59,4,0.487394958,0,2,0,2.78E-03
766,"Armengau, Javier",Armengau,Javier,FALSE,5,92,35,54,3,0.39673913,0,0,0,0
767,"Arena, Tom",Arena,Tom,FALSE,2,33,15,17,1,0.46969697,0,0,0,0
768,"Bavaro, Joe",Bavaro,Joe,FALSE,3,51,25,26,0,0.490196078,0,1,0,0.003125
769,"Bruno, Joe",Bruno,Joe,FALSE,4,73,53,19,1,0.732876712,0,0,0,0
770,"Manning, Ralph",Manning,Ralph,FALSE,14,171,105,64,2,0.619883041,0,4,0,7.14E-03
771,"Klein, Jare",Klein,Jare,FALSE,33,692,569,116,7,0.827312139,0,0,0,0
772,"Brynn, Stu",Brynn,Stu,FALSE,1,3,2,1,0,0.666666667,0,0,0,0
773,"Lewis, Fritz",Lewis,Fritz,FALSE,3,28,11,17,0,0.392857143,0,0,0,0
774,"Holdren, Mark",Holdren,Mark,FALSE,1,20,9,11,0,0.45,0,0,0,0
775,"Laidacker, Steve",Laidacker,Steve,FALSE,2,40,25,15,0,0.625,0,0,0,0
776,"Hibbs, Todd",Hibbs,Todd,FALSE,5,80,54,24,2,0.6875,0,0,0,0
777,"Sepata, Ray",Sepata,Ray,FALSE,5,86,33,53,0,0.38372093,0,2,0,5.88E-03
778,"Pechek, Fred",Pecjek,Fred,FALSE,3,63,35,27,1,0.563492063,0,0,0,0
779,"Bowman, Bill",Bowman,Bill,FALSE,2,34,18,16,0,0.529411765,0,0,0,0
780,"Mather, Terry",Mather,Terry,FALSE,4,63,31,30,2,0.507936508,0,0,0,0
781,"Fallon, Thomas",Fallon,Thomas,FALSE,15,145,65,76,4,0.462068966,0,1,0,3.76E-03
782,"Lewis, Raymond",Lewis,Raymond,FALSE,1,16,6,9,1,0.40625,0,0,0,0
783,"Randall, Greg",Randall,Greg,TRUE,9,130,97,32,1,0.75,1,13,1.11E-02,1.81E-02
784,"Servies, Max",Servies,Max,FALSE,40,613,487,118,8,0.800978793,0,0,0,0
785,"Rushing, Gary",Rushing,Gary,FALSE,5,87,40,43,4,0.482758621,0,0,0,0
786,"Sones, Chris",Sones,Chris,FALSE,1,13,6,7,0,0.461538462,0,0,0,0
789,"Demetriades, Charles",Demetriades,Charles,FALSE,4,36,18,17,1,0.513888889,0,1,0,0.0125
790,"Thomas, Ray",Thomas,Ray,FALSE,1,8,3,5,0,0.375,0,0,0,0
791,"McGraw, Thurman",McGraw,Thurman,FALSE,2,22,9,13,0,0.409090909,0,0,0,0
792,"Davis, Allan",Davis,Allan,FALSE,2,17,8,9,0,0.470588235,0,0,0,0
793,"Tomaras, Bill",Tomaras,Bill,FALSE,6,36,29,7,0,0.805555556,0,0,0,0
794,"Kestel, Dale",Kestel,Dale,FALSE,1,14,2,11,1,0.178571429,0,0,0,0
795,"Hejnal, Kevin",Hejnal,Kevin,FALSE,1,18,7,11,0,0.388888889,0,0,0,0
796,"Newell, Myron",Newell,Myron,FALSE,3,35,21,14,0,0.6,0,0,0,0
797,"James, Roger",James,Roger,FALSE,17,240,110,128,2,0.4625,0,3,0,3.39E-03
798,"Hogan, Les",Hogan,Les,FALSE,1,13,6,7,0,0.461538462,0,0,0,0
799,"Bryant, Chuck",Bryant,Chuck,FALSE,4,34,20,13,1,0.602941176,0,2,0,8.33E-03
800,"Bremner, Barron",Bremner,Barron,FALSE,18,206,137,67,2,0.669902913,0,0,0,0
801,"Hrouda, Dave",Hrouda,Dave,FALSE,1,12,10,2,0,0.833333333,0,0,0,0
802,"Masonholder, Merle",Masonholder,Merle,FALSE,7,70,46,24,0,0.657142857,0,0,0,0
803,"Brown, Wes",Brown,Wes,FALSE,4,36,8,28,0,0.222222222,0,0,0,0
804,"Moll, Lloyd",Moll,Lloyd,FALSE,2,16,8,7,1,0.53125,0,0,0,0
805,"Flood, Ross",Flood,Ross,FALSE,3,16,6,10,0,0.375,0,0,0,0
806,"Lam, William",Lam,William,FALSE,1,9,1,8,0,0.111111111,0,0,0,0
807,"Mumby, Ted",Mumby,Ted,FALSE,7,45,34,9,2,0.777777778,0,0,0,0
808,"Saltzman, William",Saltzman,William,FALSE,3,25,8,17,0,0.32,0,0,0,0
809,"Buddie, Steve",Buddie,Steve,FALSE,4,62,29,32,1,0.475806452,1,1,0.025,0.003125
810,"Hobbs, George",Hobbs,George,FALSE,,,,,,,1,1,0.1,1.67E-02
811,"Nakai, Mitsuo",Nakai,Mitsuo,FALSE,,,,,,,1,1,0.1,1.67E-02
812,"Sofman, Richard",Sofman,Richard,FALSE,2,33,20,13,0,0.606060606,1,1,3.33E-02,0.005
813,"Olsen, Thor",Olsen,Thor,FALSE,25,125,54,68,3,0.444,1,1,1.41E-02,4.37E-03
814,"Stone, Henry",Stone,Henry,FALSE,7,40,30,6,4,0.8,0,0,0,0
815,"Reynard, Leon",Reynard,Leon,FALSE,5,48,14,32,2,0.3125,0,2,0,1.39E-02
816,"Griffith, Jack",Griffith,Jack,FALSE,2,19,6,11,2,0.368421053,0,0,0,0
817,"Greening, Roy",Greening,Roy,FALSE,3,17,3,12,2,0.235294118,0,0,0,0
818,"Stutzman, John",Stutzman,John,TRUE,6,110,63,46,1,0.577272727,0,3,0,0.00625
819,"Brands, Terry",Brands,Terry,FALSE,3,64,31,33,0,0.484375,0,2,0,8.33E-03
820,"Cody, Mark",Cody,Mark,TRUE,8,137,62,75,0,0.452554745,1,14,1.43E-02,0.025
821,"Charles, Shawn",Charles,Shawn,TRUE,3,50,18,32,0,0.36,2,4,6.67E-02,1.67E-02
822,"Barr, Homer",Barr,Homer,FALSE,,,,,,,0,0,0,0
823,"McCoy, Kerry",McCoy,Kerry,TRUE,6,108,73,34,1,0.680555556,0,13,0,2.71E-02
824,"Shifflet, Tom",Shifflet,Tom,TRUE,9,165,94,66,5,0.584848485,0,8,0,0.0125
825,"Carr, Fletcher",Carr,Fletcher,FALSE,5,101,64,37,0,0.633663366,0,11,0,0.0171875
826,"Ferraro, Bob",Ferraro,Bob,FALSE,24,350,169,175,6,0.491428571,0,4,0,2.38E-03
827,"Davis, Gene",Davis,Gene,FALSE,,,,,,,0,0,0,0
828,"Zalesky, Lenny",Zalesky,Lenny,FALSE,8,113,49,63,1,0.438053097,1,1,1.11E-02,1.39E-03
829,"Peckham, Jim",Peckham,Jim,FALSE,8,134,72,62,0,0.537313433,0,0,0,0
830,"Blake, Curt",Blake,Curt,FALSE,10,162,79,78,5,0.50308642,0,0,0,0
831,"Whitman, Tim",Whitman,Tim,FALSE,2,31,9,21,1,0.306451613,0,0,0,0
832,"Pincus, Bill",Pincus,Bill,FALSE,6,128,74,53,1,0.58203125,0,1,0,0.0025
833,"Platt, Alan",Platt,Alan,FALSE,2,34,20,14,0,0.588235294,0,0,0,0
834,"Pascarella, Frank",Pascarella,Frank,FALSE,3,40,23,15,2,0.6,0,0,0,0
835,"Hangey, John",Hangey,John,FALSE,3,49,16,33,0,0.326530612,0,0,0,0
836,"Schumacher, Rich",Schumacher,Rich,FALSE,3,44,22,21,1,0.511363636,0,0,0,0
837,"Nardo, Andy",Nardo,Andy,FALSE,15,111,77,30,4,0.711711712,0,0,0,0
838,"Morgan, Jim",Morgan,Jim,FALSE,15,250,181,68,1,0.726,0,4,0,6.06E-03
839,"Reeve, Ethan",Reeve,Ethan,FALSE,6,96,57,38,1,0.598958333,0,0,0,0
840,"Moore, Denny",Moore,Denny,FALSE,9,121,57,60,4,0.487603306,0,0,0,0
841,"DelPorto, Derek",DelPorto,Derek,TRUE,6,122,63,57,2,0.524590164,0,0,0,0
842,"Shaifer, Peter",Shaifer,Peter,FALSE,1,22,11,11,0,0.5,0,0,0,0
843,"Weader, Mark",Weader,Mark,TRUE,6,104,39,63,2,0.384615385,0,0,0,0
844,"Fader, Tim",Fader,Tim,TRUE,11,210,148,57,5,0.716666667,0,0,0,0
845,"Rupp, Ted",Rupp,Ted,FALSE,11,91,71,18,2,0.791208791,0,0,0,0
846,"Maurey, Jim",Maurey,Jim,FALSE,7,70,29,39,2,0.428571429,0,0,0,0
847,"Swope, Jerry",Swope,Jerry,FALSE,14,219,133,83,3,0.614155251,0,0,0,0
848,"Hitchcock, Floyd",Hitchcock,Floyd,FALSE,18,297,181,112,4,0.616161616,0,1,0,0.00078125
849,"Nichols, Marty",Nichols,Marty,TRUE,16,242,165,70,7,0.696280992,0,0,0,0
850,"Caro, Fred",Caro,Fred,FALSE,21,237,135,98,4,0.578059072,0,0,0,0
851,"McIntyre, Ron",McIntyre,Ron,FALSE,4,36,22,14,0,0.611111111,0,0,0,0
852,"McComb, Art",McComb,Art,FALSE,2,16,12,3,1,0.78125,0,0,0,0
853,"Ramsey, Harry",Ramsey,Harry,FALSE,2,15,7,7,1,0.5,0,0,0,0
854,"Tennant, Keith",Tennant,Keith,FALSE,5,70,57,13,0,0.814285714,0,0,0,0
855,"Schneider, Gary",Schneider,Gary,FALSE,5,65,46,18,1,0.715384615,0,1,0,0.003125
856,"Franke, Gary",Franke,Gary,FALSE,38,415,193,219,3,0.468674699,0,0,0,0
857,"Steifen, Paul",Steifen,Paul,FALSE,3,12,9,3,0,0.75,0,0,0,0
858,"Piper, John",Piper,John,FALSE,10,165,85,78,2,0.521212121,0,0,0,0
859,"Broadbent, Harry",Broadbent,Harry,FALSE,3,34,29,5,0,0.852941176,0,0,0,0
860,"Brett, Earnest",Brett,Earnest,FALSE,4,24,9,15,0,0.375,0,0,0,0
861,"Mathis, Archie",Mathis,Archie,FALSE,17,104,80,21,3,0.783653846,0,3,0,2.27E-02
862,"Miller, Richard",Miller,Richard,FALSE,19,185,78,100,7,0.440540541,0,0,0,0
863,"Crane, Russell",Crane,Russell,FALSE,2,13,8,5,0,0.615384615,0,0,0,0
864,"Elliott, Chris",Elliott,Chris,FALSE,2,41,10,31,0,0.243902439,0,0,0,0
865,"Besnier, Dick",Besnier,Dick,FALSE,8,134,93,39,2,0.701492537,0,0,0,0
866,"Prince, Jim",Prince,Jim,FALSE,4,73,35,38,0,0.479452055,0,0,0,0
867,"Wisler, Ellis",Wisler,Ellis,FALSE,2,23,10,13,0,0.434782609,0,0,0,0
868,"Vedelli, Joel",Vedelli,Joel,FALSE,1,21,14,7,0,0.666666667,0,0,0,0
869,"Vorres, Spyris",Vorres,Spyris,FALSE,3,21,5,16,0,0.238095238,0,1,0,1.45E-02
870,"Hutchens, Josh",Hutchens,Josh,TRUE,4,78,22,56,0,0.282051282,0,0,0,0
872,"Barnes, Neil",Barnes,Neil,FALSE,3,42,10,31,1,0.25,0,0,0,0
873,"Capoferri, Steve",Capoferri,Steve,FALSE,3,48,25,22,1,0.53125,0,0,0,0
874,"Bimson, Rodney",Bimson,Rodney,FALSE,5,69,31,36,2,0.463768116,0,0,0,0
875,"Hurst, Grant",Hurst,Grant,FALSE,1,7,5,2,0,0.714285714,0,0,0,0
876,"Neuberger, Tom",Neuberger,Tom,FALSE,7,96,31,60,5,0.348958333,0,0,0,0
877,"McIntyre, Tom",McIntyre,Tom,FALSE,6,60,37,20,3,0.641666667,0,0,0,0
878,"Hastings, Roscoe",Hastings,Roscoe,FALSE,1,12,11,1,0,0.916666667,0,0,0,0
879,"DeSario, Bill",DeSario,Bill,FALSE,1,14,9,4,1,0.678571429,0,0,0,0
880,"Freischlag, Jerry",Freischlag,Jerry,FALSE,1,19,13,6,0,0.684210526,0,0,0,0
881,"Nighman, Gene",Nighman,Gene,FALSE,16,270,163,104,3,0.609259259,0,0,0,0
882,"Gonino, Vince",Gonino,Vince,FALSE,13,193,109,83,1,0.567357513,0,0,0,0
883,"Miller, Dave",Miller,Dave,FALSE,19,172,103,65,4,0.610465116,0,2,0,7.41E-03
884,"Eckard, Roland",Eckard,Roland,FALSE,2,16,9,7,0,0.5625,0,0,0,0
885,"Bruhn, Brad",Bruhn,Brad,TRUE,9,174,120,53,1,0.692528736,0,0,0,0
886,"Ferrara, Joel",Ferrara,Joel,FALSE,3,54,19,35,0,0.351851852,0,0,0,0
887,"Casciani, Jerry",Casciani,Jerry,FALSE,1,11,6,5,0,0.545454545,0,0,0,0
888,"MacPhee, Jack",MacPhee,Jack,FALSE,2,18,14,4,0,0.777777778,0,0,0,0
889,"Ellingson, Mark",Ellingson,Mark,FALSE,9,63,36,25,2,0.587301587,0,0,0,0
890,"Davis, Warren",Davis,Warren,FALSE,1,3,1,2,0,0.333333333,0,0,0,0
891,"Corrington, Murlan",Corrington,Murlan,FALSE,2,11,5,6,0,0.454545455,0,0,0,0
892,"Pike, Edward",Pike,Edward,FALSE,4,29,14,15,0,0.482758621,0,0,0,0
893,"Fuller, Earl",Fuller,Earl,FALSE,46,525,201,316,8,0.39047619,0,0,0,0
894,"Gross, Ron",Gross,Ron,FALSE,4,40,18,21,1,0.4625,0,0,0,0
896,"Zoeke, Bob",Zoeke,Bob,FALSE,1,8,5,3,0,0.625,0,0,0,0
897,"Stever, Scott",Stever,Scott,TRUE,12,188,46,140,2,0.25,0,0,0,0
898,"Trudgeon, John",Trudgeon,John,TRUE,26,347,153,190,4,0.446685879,0,2,0,1.09E-03
899,"Sherlock, Ike",Sherlock,Ike,FALSE,11,161,116,45,0,0.720496894,0,0,0,0
900,"Patnesky, Bob",Patnesky,Bob,TRUE,7,119,40,78,1,0.340336134,0,0,0,0
901,"Jaworsky, T.J.",Jaworsky,T.J.,FALSE,3,46,5,41,0,0.108695652,0,0,0,0
902,"Oddo, Tom",Oddo,Tom,FALSE,2,30,9,21,0,0.3,0,0,0,0
903,"Hartupee, John",Hartupee,John,FALSE,8,136,67,68,1,0.496323529,0,0,0,0
904,"Dayton, R.B.",Dayton,R.B.,FALSE,3,22,14,8,0,0.636363636,0,0,0,0
905,"Harrick, Steve",Harrick,Steve,FALSE,29,258,155,99,4,0.608527132,0,3,0,1.36E-02
906,"Myers, Denny",Myers,Denny,FALSE,2,15,10,4,1,0.7,0,0,0,0
907,"Gwynne, Albert",Gwynne,Albert,FALSE,9,59,26,33,0,0.440677966,0,0,0,0
908,"Liles, Jason",Liles,Jason,TRUE,24,369,201,164,4,0.550135501,0,0,0,0
909,"Engels, Mike",Engels,Mike,FALSE,9,122,87,32,3,0.725409836,0,1,0,0.003125
910,"Williamson, Warren",Williamson,Warren,FALSE,16,220,134,74,12,0.636363636,0,1,0,1.32E-03
911,"Linander, Terry",Linander,Terry,FALSE,4,58,33,23,2,0.586206897,0,0,0,0
912,"Martin, Mickey",Martin,Mickey,FALSE,2,28,21,6,1,0.767857143,0,0,0,0
913,"Schmidt, Greg",Schmidt,Greg,FALSE,2,31,21,10,0,0.677419355,0,0,0,0
914,"Kurtenback, Frank",Kurtenback,Frank,FALSE,1,13,11,2,0,0.846153846,0,0,0,0
915,"Branch, Charles",Branch,Charles,FALSE,5,99,39,59,1,0.398989899,0,0,0,0
916,"Bush, Russell",Bush,Russell,FALSE,16,166,66,98,2,0.403614458,0,0,0,0
917,"Pederson, Erik",Pederson,Erik,FALSE,3,49,18,29,2,0.387755102,0,0,0,0
918,"Stewart, David",Stewart,David,FALSE,3,52,18,34,0,0.346153846,0,0,0,0
919,"Eisley, John",Eisley,John,FALSE,14,172,83,85,4,0.494186047,0,2,0,0.0025
920,"Gadson, Willie",Gadson,Willie,FALSE,4,60,21,38,1,0.358333333,0,1,0,0.0125
921,"Jones, Charles",Jones,Charles,FALSE,4,61,10,51,0,0.163934426,0,1,0,4.17E-03
922,"Lange, John",Lange,John,FALSE,1,15,6,9,0,0.4,0,0,0,0
923,"Potter, Harvey",Potter,Harvey,FALSE,11,96,42,52,2,0.447916667,0,1,0,0.01
924,"Falcone, Carmen",Falcone,Carmen,FALSE,19,140,55,81,4,0.407142857,0,0,0,0
925,"Anderson, Clar",Anderson,Clar,TRUE,14,214,98,115,1,0.460280374,0,2,0,0.0025
926,"Warren, Add",Warren,Add,FALSE,5,21,4,17,0,0.19047619,0,0,0,0
927,"Harvey, Bill",Harvey,Bill,FALSE,31,418,219,195,4,0.528708134,0,0,0,0
928,"Tilson, W.E.",Tilson,W.E.,FALSE,5,35,19,16,0,0.542857143,0,0,0,0
929,"Neeley, Andy",Neeley,Andy,FALSE,1,5,0,5,0,0,0,0,0,0
930,"Uzzell, Bill",Uzzell,Bill,FALSE,2,9,1,8,0,0.111111111,0,0,0,0
931,"Williams, John",Williams,John,FALSE,1,5,1,4,0,0.2,0,0,0,0
932,"Ardolino, John",Ardolino,John,FALSE,1,4,0,4,0,0,0,0,0,0
933,"Yoemans, Bill",Yoemans,Bill,FALSE,5,50,14,35,1,0.29,0,0,0,0
934,"Maack, Herb",Maack,Herb,FALSE,6,43,20,21,2,0.488372093,0,0,0,0
935,"Wrabley, Bill",Wrabley,Bill,FALSE,5,35,22,13,0,0.628571429,0,0,0,0
936,"Prender, Fred",Prender,Fred,FALSE,3,26,19,4,3,0.788461538,0,0,0,0
937,"Ostendarp, Jim",Ostendarp,Jim,FALSE,2,14,3,11,0,0.214285714,0,0,0,0
938,"Smith, Trent",Smith,Trent,FALSE,1,14,5,9,0,0.357142857,0,0,0,0
939,"Roe, John",Roe,John,FALSE,1,8,4,4,0,0.5,0,0,0,0
940,"Farley, Bob",Farley,Bob,FALSE,1,5,0,5,0,0,0,0,0,0
941,"Sorrell, Howard",Sorrell,Howard,FALSE,2,18,6,12,0,0.333333333,0,0,0,0
942,"Nelson, Edor",Nelson,Edor,FALSE,5,52,33,19,0,0.634615385,0,0,0,0
943,"Wangerin, Ronald",Wangerin,Ronald,FALSE,2,19,8,11,0,0.421052632,0,0,0,0
944,"Eisenhauer, Frank",Eisenhardt,Frank,FALSE,12,122,67,50,5,0.569672131,0,1,0,0.0125
945,"Ray, David",Ray,David,TRUE,8,124,75,47,2,0.612903226,0,0,0,0
946,"Johansen, Norm",Johansen,Norm,FALSE,12,125,61,58,6,0.512,0,0,0,0
947,"McKenna, John",McKenna,John,FALSE,4,33,15,18,0,0.454545455,0,0,0,0
948,"Parker, Charles",Parker,Charles,FALSE,22,195,78,111,6,0.415384615,0,0,0,0
949,"Stein, Sid",Stein,Sid,FALSE,2,22,0,20,2,4.55E-02,0,0,0,0
950,"Blegen, Oscar",Blegen,Oscar,FALSE,3,41,19,22,0,0.463414634,0,0,0,0
951,"Leland, William",Leland,William,FALSE,3,35,13,21,1,0.385714286,0,0,0,0
952,"Maze, Frank",Maze,Frank,FALSE,1,14,10,3,1,0.75,0,0,0,0
953,"Easter, Jim",Easter,Jim,FALSE,1,12,5,7,0,0.416666667,0,0,0,0
954,"Morgan, Frank",Morgan,Frank,FALSE,2,14,10,4,0,0.714285714,0,0,0,0
955,"Bengtson, Donald",Bengtson,Donald,FALSE,1,10,3,6,1,0.35,0,0,0,0
956,"Massie, Frank",Massie,Frank,FALSE,3,28,18,10,0,0.642857143,0,0,0,0
957,"Gupton, Oscar",Gupton,Oscar,FALSE,21,226,135,88,3,0.603982301,0,0,0,0
958,"Ruff, Wesley",Ruff,Wesley,FALSE,2,20,9,11,0,0.45,0,0,0,0
959,"Miller, Sayres",Miller,Sayres,FALSE,1,13,3,10,0,0.230769231,0,0,0,0
960,"Wince, Richard",Wince,Richard,TRUE,7,150,49,100,1,0.33,0,0,0,0
961,"Sanderson, Cody",Sanderson,Cody,FALSE,3,45,22,23,0,0.488888889,0,0,0,0
962,"Reed, F.M.",Reed,F.M.,FALSE,2,11,8,2,1,0.772727273,0,0,0,0
963,"Blake, Howard",Blake,Howard,FALSE,1,6,5,1,0,0.833333333,0,0,0,0
964,"Gillson, Robert",Gillson,Robert,FALSE,1,8,3,4,1,0.4375,0,0,0,0
965,"Marino, John",Marino,John,FALSE,1,3,0,3,0,0,0,0,0,0
966,"Miller, M.A.",Miller,M.A.,FALSE,1,8,1,7,0,0.125,0,0,0,0
967,"Jones, Vern",Jones,Vern,FALSE,1,6,1,5,0,0.166666667,0,0,0,0
968,"Campbell, Ken",Campbell,Ken,FALSE,2,21,3,17,1,0.166666667,0,0,0,0
969,"Cox, Clifford",Cox,Clifford,FALSE,2,17,1,15,1,8.82E-02,0,0,0,0
970,"Abrams, Isidore",Abrams,Isidore,FALSE,1,9,0,8,1,5.56E-02,0,0,0,0
971,"Azar, George",Azar,George,FALSE,5,60,33,26,1,0.558333333,0,0,0,0
972,"Budzik, Jerry",Budzik,Jerry,FALSE,1,11,3,8,0,0.272727273,0,2,0,3.03E-02
973,"Pfeffer, Ron",Pfeffer,Ron,FALSE,5,63,52,10,1,0.833333333,0,0,0,0
974,"Schael, John",Schael,John,FALSE,8,89,31,58,0,0.348314607,0,0,0,0
975,"Reed, Dave",Reed,Dave,FALSE,4,47,14,32,1,0.308510638,0,0,0,0
976,"Gerl, Joe",Gerl,Joe,FALSE,1,8,1,7,0,0.125,0,0,0,0
977,"Young, Kaye",Young,Kaye,FALSE,1,12,4,8,0,0.333333333,0,0,0,0
978,"Baillie, James",Baillie,James,FALSE,1,10,6,4,0,0.6,0,0,0,0
979,"Plaskas, Robert",Plaskas,Robert,FALSE,1,10,4,6,0,0.4,0,0,0,0
980,"Walker, Dick",Walker,Dick,FALSE,22,283,183,97,3,0.651943463,0,0,0,0
981,"Karch, Bob",Karch,Bob,FALSE,11,177,77,98,2,0.440677966,0,0,0,0
982,"Statum, Art",Statum,Art,FALSE,3,38,15,23,0,0.394736842,0,0,0,0
983,"Greene, Mike",Greene,Mike,FALSE,5,56,23,30,3,0.4375,0,0,0,0
984,"Munch, Lou",Munch,Lou,FALSE,1,12,5,6,1,0.458333333,0,0,0,0
985,"DeMeo, Joe",DeMeo,Joe,FALSE,5,96,44,51,1,0.463541667,0,1,0,5.56E-03
986,"Horpel, Chris",Chirs,Horpel,FALSE,20,237,97,133,7,0.424050633,0,6,0,3.95E-03
987,"Gibney, Dick",Gibney,Dick,FALSE,1,18,13,5,0,0.722222222,0,0,0,0
988,"Ketelsen, Dale",Ketelsen,Dale,FALSE,1,24,6,18,0,0.25,0,0,0,0
989,"Lett, Fred",Lett,Fred,FALSE,5,90,55,32,3,0.627777778,0,0,0,0
990,"Bauer, Marc",Bauer,Marc,TRUE,12,212,149,62,1,0.705188679,0,0,0,0
991,"Nelson, Shawn",Nelson,Shawn,FALSE,5,103,46,56,1,0.451456311,0,0,0,0
992,"Reitmeier, Jason",Reitmeier,Jason,TRUE,8,125,82,43,0,0.656,0,0,0,0
993,"Jensen, Lars",Jensen,Lars,TRUE,28,423,131,287,5,0.315602837,0,0,0,0
994,"Palmisano, Mike",Palmisano,Mike,FALSE,13,275,200,67,8,0.741818182,0,0,0,0
995,"Gustafson, Bert",Gustafson,Bert,FALSE,4,27,9,18,0,0.333333333,0,0,0,0
996,"Verducci, Joe",Verducci,Joe,FALSE,9,74,42,31,1,0.574324324,0,0,0,0
997,"Abraham, Allen",Abraham,Allen,FALSE,18,279,176,97,6,0.641577061,0,1,0,3.27E-03
998,"Kendle, Paul",Kendle,Paul,FALSE,18,234,163,70,1,0.698717949,0,3,0,3.95E-03
999,"Presler, Kraig",Presler,Kraig,FALSE,13,206,76,128,2,0.373786408,0,0,0,0
1000,"Larson, Rollie",Larson,Rollie,FALSE,1,12,3,9,0,0.25,0,0,0,0
1001,"Wacker, Jim",Wacker,Jim,FALSE,1,19,8,11,0,0.421052632,0,0,0,0
1002,"Morton, Don",Morton,Don,FALSE,1,11,1,9,1,0.136363636,0,0,0,0
1003,"Bolstorff, Dave",Bolstorff,Dave,FALSE,2,19,11,7,1,0.605263158,0,0,0,0
1004,"Peterson, Wayne",Peterson,Wayne,FALSE,1,12,7,5,0,0.583333333,0,0,0,0
1005,"Rowen, Vic",Rowen,Vic,FALSE,2,20,7,12,1,0.375,0,0,0,0
1006,"Kupfer, Don",Kupfer,Don,FALSE,2,6,0,6,0,0,0,0,0,0
1007,"Kaufmann, Roy",Kaufmann,Roy,FALSE,1,3,1,2,0,0.333333333,0,0,0,0
1008,"Foley, Andy",Foley,Andy,FALSE,1,14,6,8,0,0.428571429,0,0,0,0
1009,"Ramstetter, Jason",Ramstetter,Jason,TRUE,12,134,67,66,1,0.503731343,0,0,0,0
1010,"Tabar, Don",Tabar,Don,TRUE,,,,,,,0,0,0,0
1011,"Yates, Jay",Yates,Jay,TRUE,,,,,,,0,0,0,0
1012,"Cardwell, Jeff",Cardwell,Jeff,FALSE,1,12,8,4,0,0.666666667,0,0,0,0
1013,"Puzio, Rob",Puzio,Rob,FALSE,2,33,8,24,1,0.257575758,0,0,0,0
1014,"Clark, John",Clark,John,FALSE,1,14,10,4,0,0.714285714,0,0,0,0
1015,"Ferris, Hank",Ferris,Hank,FALSE,3,38,32,5,1,0.855263158,0,0,0,0
1016,"Skaar, Nate",Skaar,Nate,FALSE,2,34,26,8,0,0.764705882,0,0,0,0
1017,"Kessler, Tom",Kessler,Tom,TRUE,19,411,279,129,3,0.682481752,0,0,0,0
1018,"Parker, Don",Parker,Don,FALSE,27,370,133,233,4,0.364864865,0,0,0,0
1019,"Danks, Jim",Danks,Jim,FALSE,4,53,16,36,1,0.311320755,0,0,0,0
1020,"Bauer, Lowell",Bauer,Lowell,FALSE,1,16,11,5,0,0.6875,0,0,0,0
1021,"Bancroft, Steve",Bancroft,Steve,FALSE,1,11,4,6,1,0.409090909,0,0,0,0
1022,"Ryerson, Norm",Ryerson,Norm,FALSE,6,90,47,38,5,0.55,0,0,0,0
1023,"Johnson, Ron",Johnson,Ron,FALSE,5,57,44,10,3,0.798245614,0,0,0,0
1024,"Lonning, Greg",Lonning,Greg,FALSE,7,111,82,29,0,0.738738739,0,0,0,0
1025,"Azinger, Kevin",Azinger,Kevin,FALSE,7,138,88,47,3,0.648550725,0,0,0,0
1026,"Diehl, Matt",Diehl,Matt,FALSE,7,130,41,88,1,0.319230769,0,0,0,0
1027,"Reed, Eric",Reed,Eric,FALSE,3,52,11,40,1,0.221153846,0,0,0,0
1028,"Erber, Steve",Erber,Steve,FALSE,19,253,157,90,6,0.632411067,0,0,0,0
1029,"Gumble, Mark",Gumble,Mark,FALSE,9,107,46,57,4,0.448598131,0,0,0,0
1030,"Fusilli, Mike",Fusilli,Mike,FALSE,7,119,39,78,2,0.336134454,0,0,0,0
1031,"Robie, Tony",Robie,Tony,FALSE,1,12,0,12,0,0,0,0,0,0
1032,"Lundeen, Vince",Lundeen,Vince,FALSE,7,54,23,30,1,0.435185185,0,0,0,0
1033,"Bennett, Bob",Bennett,Bob,FALSE,6,48,23,25,0,0.479166667,0,0,0,0
1034,"Engelby, Jack",Engelby,Jack,FALSE,1,7,2,5,0,0.285714286,0,0,0,0
1035,"Grossman, Ray",Grossman,Ray,FALSE,4,30,22,8,0,0.733333333,0,0,0,0
1036,"Tillman, Ken",Tillman,Ken,FALSE,4,30,23,7,0,0.766666667,0,0,0,0
1037,"Kessinger, Ted",Kessinger,Ted,FALSE,6,55,46,6,3,0.863636364,0,0,0,0
1038,"Schlekeway, Ron",Schlekeway,Ron,FALSE,2,19,11,7,1,0.605263158,0,0,0,0
1039,"Dodge, Tim",Dodge,Tim,FALSE,3,37,17,19,1,0.472972973,0,0,0,0
1040,"Schultz, Chet",Schultz,Chet,FALSE,1,8,3,5,0,0.375,0,0,0,0
1041,"Weber, Mike",Weber,Mike,FALSE,3,36,15,21,0,0.416666667,0,0,0,0
1042,"Riccio, Dennis",Riccio,Dennis,FALSE,8,120,63,56,1,0.529166667,0,0,0,0
1043,"Scantling, Ed",Scantling,Ed,FALSE,7,57,36,20,1,0.640350877,0,0,0,0
1044,"Marsh, Pat",Marsh,Pat,FALSE,7,112,66,45,1,0.59375,0,0,0,0
1045,"Maskas, John",Maskas,John,FALSE,2,15,6,9,0,0.4,0,0,0,0
1046,"Craver, Bill",Craver,Bill,FALSE,4,36,18,16,2,0.527777778,0,0,0,0
1047,"Marshall, Floyd",Marshall,Floyd,FALSE,2,24,11,12,1,0.479166667,0,0,0,0
1048,"Stephenson, Mark",Stephenson,Mark,FALSE,3,39,31,8,0,0.794871795,0,0,0,0
1049,"Marshall, Robert",Marshall,Robert,FALSE,28,430,363,67,0,0.844186047,0,0,0,0
1050,"Totten, Brandon",Totten,Brandon,TRUE,9,167,126,38,3,0.763473054,0,0,0,0
1051,"Johnson, Johnny",Johnson,Johnny,TRUE,13,215,122,91,2,0.572093023,0,0,0,0
1052,"Caniglia, Al",Caniglia,Al,FALSE,2,20,10,10,0,0.5,0,0,0,0
1053,"Shuler, Don",Shuler,Don,FALSE,7,120,60,55,5,0.520833333,0,0,0,0
1054,"Lajcik, Tim",Lajcik,Tim,FALSE,,,,,,,0,0,0,0
1055,"Matyiko, John",Matyiko,John,FALSE,2,30,12,18,0,0.4,0,0,0,0
1056,"James, Franky",James,Franky,FALSE,1,17,9,8,0,0.529411765,0,0,0,0
1057,"Scall, Russ",Scall,Russ,FALSE,1,8,3,5,0,0.375,0,0,0,0
1058,"Peraza, Tony",Peraza,Tony,FALSE,2,22,9,9,4,0.5,0,0,0,0
1059,"King, Ron",King,Ron,FALSE,1,11,2,9,0,0.181818182,0,0,0,0
1060,"Brown, Gerald",Brown,Gerald,FALSE,7,92,51,40,1,0.559782609,0,0,0,0
1061,"Smith, P.J.",Smith,P.J.,FALSE,2,42,20,21,1,0.488095238,0,0,0,0
1062,"Hartman, Jerry",Hartman,Jerry,FALSE,7,118,80,38,0,0.677966102,0,0,0,0
1063,"Harris, Bob",Harris,Bob,FALSE,2,27,9,18,0,0.333333333,0,0,0,0
1064,"Morrison, Allie",Morrison,Allie,FALSE,3,15,5,10,0,0.333333333,0,0,0,0
1065,"Gorman, Russ",Gorman,Russ,FALSE,4,41,24,14,3,0.62195122,0,0,0,0
1066,"Koch, Jim",Koch,Jim,TRUE,41,452,277,167,8,0.706225681,0,0,0,0
1067,"DeVries, Steve",DeVries,Steve,FALSE,16,232,116,113,3,0.506465517,0,0,0,0
1068,"Jones, Mike",Jones,Mike,FALSE,13,246,155,88,3,0.636178862,0,0,0,0
1069,"Heideman, Curt",Heideman,Curt,FALSE,3,60,15,45,0,0.25,0,0,0,0
1070,"Pariano, Drew",Pariano,Drew,TRUE,3,54,25,29,0,0.462962963,0,3,0,0.0375
1071,"James, Byron",James,Byron,FALSE,14,165,113,52,0,0.684848485,0,0,0,0
1072,"Loy, Marty",Loy,Marty,FALSE,11,182,124,57,1,0.684065934,0,0,0,0
1073,"Graham, Samuel",Graham,Samuel,FALSE,1,4,3,1,0,0.75,0,0,0,0
1074,"Day, Obid",Day,Obid,FALSE,1,13,9,3,1,0.730769231,0,0,0,0
1075,"Felice, Frank",Felice,Frank,FALSE,1,4,1,3,0,0.25,0,0,0,0
1076,"Koepka, Hal",Koepka,Hal,FALSE,1,7,0,7,0,0,0,0,0,0
1077,"Malarkey, Bob",Malarkey,Bob,FALSE,1,7,4,3,0,0.571428571,0,0,0,0
1078,"Hejnal, Kevin",Hejnal,Kevin,FALSE,2,30,6,23,1,0.216666667,0,0,0,0
1079,"Billy, Jay",Billy,Jay,FALSE,6,133,41,92,0,0.308270677,0,0,0,0
1080,"Brooks, Bob",Brooks,Bob,FALSE,10,135,37,97,1,0.277777778,0,0,0,0
1081,"Freeman, Alan",Freeman,Alan,FALSE,13,161,93,67,1,0.580745342,0,0,0,0
1082,"Achtzehn, Rich",Achtzehn,Rich,FALSE,19,293,184,106,3,0.633105802,0,0,0,0
1083,"Van Hee, Miles",Van Hee,Miles,TRUE,14,197,123,69,5,0.637055838,0,0,0,0
1084,"Sterner, John",Sterner,John,FALSE,14,209,131,77,1,0.629186603,0,0,0,0
1085,"Carter, Myron",Carter,Myron,FALSE,1,11,5,6,0,0.454545455,0,0,0,0
1086,"Denker, Roger",Denker,Roger,FALSE,17,253,143,106,4,0.57312253,0,0,0,0
1087,"Frank, Omer",Frank,Omer,FALSE,1,14,5,9,0,0.357142857,0,0,0,0
1088,"Gatrel, Les",Gatrel,Les,FALSE,1,12,5,6,1,0.458333333,0,0,0,0
1089,"Ogg, Dean",Ogg,Dean,FALSE,1,19,9,9,1,0.5,0,0,0,0
1090,"Hagerty, Mike",Hagerty,Mike,FALSE,7,137,67,68,2,0.496350365,0,0,0,0
1091,"Knight, Mike",Knight,Mike,FALSE,5,90,27,62,1,0.305555556,0,0,0,0
1092,"Ersland, Robin",Ersland,Robin,FALSE,15,262,134,126,2,0.515267176,0,0,0,0
1093,"Schutter, David",Schutter,David,TRUE,21,268,90,175,3,0.34141791,0,0,0,0
1094,"Salupo, Mike",Salupo,Mike,FALSE,2,20,8,12,0,0.4,0,0,0,0
1095,"Kovalchick, Mike",Kovalchick,Mike,FALSE,3,14,2,12,0,0.142857143,0,0,0,0
1096,"Coles, Rick",Coles,Rick,FALSE,5,46,17,27,2,0.391304348,0,0,0,0
1097,"Atwater, Larry",Atwater,Larry,FALSE,11,152,59,92,1,0.391447368,0,0,0,0
1098,"Oostendorp, John",Oostendorp,John,TRUE,10,186,131,54,1,0.706989247,0,0,0,0
1099,"Kenney, Mike",Kenney,Mike,FALSE,6,140,63,75,2,0.457142857,0,0,0,0
1100,"Johnson, Jack",Johnson,Jack,FALSE,3,42,17,25,0,0.404761905,0,0,0,0
1101,"Harms, Kip",Harms,Kip,FALSE,2,30,3,27,0,0.1,0,0,0,0
1102,"Rabinovitz, Gary",Rabinovitz,Gary,FALSE,4,77,19,57,1,0.253246753,0,0,0,0
1103,"McLarney, Mike",McLarney,Mike,FALSE,3,56,13,42,1,0.241071429,0,0,0,0
1104,"Monkevicz, Mike",Monkevicz,Mike,FALSE,1,20,13,6,1,0.675,0,0,0,0
1105,"Perreira, Mike",Perreira,Mike,FALSE,3,66,39,27,0,0.590909091,0,0,0,0
1106,"Kolody, Paul",Kolody,Paul,FALSE,1,23,7,16,0,0.304347826,0,0,0,0
1107,"Spiess, Keenan",Spiess,Keenan,FALSE,6,108,66,42,0,0.611111111,0,0,0,0
1108,"Kimpel, Steve",Kimpel,Steve,FALSE,5,59,13,46,0,0.220338983,0,0,0,0
1109,"Hancock, Jack",Hancock,Jack,FALSE,34,408,104,301,3,0.258578431,0,2,0,4.48E-03
1110,"Beard, Rich",Beard,Rich,FALSE,2,28,11,17,0,0.392857143,0,0,0,0
1111,"Walmsley, H.A.",Walmsley,H.A.,FALSE,3,49,40,8,1,0.826530612,0,0,0,0
1112,"Yelovich, T.",Yelovich,T.,FALSE,1,14,6,8,0,0.428571429,0,0,0,0
1113,"Craddock, Bruce",Craddock,Bruce,FALSE,2,27,14,12,1,0.537037037,0,0,0,0
1114,"Clemens, Larry",Clemens,Larry,FALSE,2,30,10,20,0,0.333333333,0,0,0,0
1115,"Bowen, Keith",Bowen,Keith,FALSE,4,32,11,21,0,0.34375,0,0,0,0
1116,"Kovalick, George",Kovalick,George,FALSE,2,21,10,10,1,0.5,0,1,0,8.33E-03
1117,"Shelton, Ken",Shelton,Ken,FALSE,13,201,103,96,2,0.517412935,0,0,0,0
1118,"Dotson, Bill",Dotson,Bill,FALSE,8,79,47,32,0,0.594936709,0,5,0,0.00625
1119,"Snyder, Barry",Snyder,Barry,FALSE,1,14,4,10,0,0.285714286,0,0,0,0
1120,"Ramey, Jack",Ramey,Jack,FALSE,7,43,34,9,0,0.790697674,0,0,0,0
1121,"Frazier, Don",Frazier,Don,FALSE,2,36,16,20,0,0.444444444,0,0,0,0
1122,"Bonheim, Bob",Bonheim,Bob,FALSE,5,61,47,13,1,0.778688525,0,0,0,0
1123,"Church, Sam",Chruch,Sam,FALSE,6,81,41,38,2,0.518518519,0,0,0,0
1124,"Greenwood, Dave",Greenwood,Dave,FALSE,4,49,25,24,0,0.510204082,0,0,0,0
1125,"Miller, David",Miller,David,FALSE,5,96,41,55,0,0.427083333,0,0,0,0
1126,"Ulrich, Richard",Ulrich,Richard,FALSE,9,108,83,23,2,0.777777778,0,0,0,0
1127,"Gervais, Mark",Gervais,Mark,FALSE,3,42,25,16,1,0.607142857,0,0,0,0
1128,"Heard, Charlie",Heard,Charlie,FALSE,2,23,1,22,0,4.35E-02,0,0,0,0
1129,"Thomas, Dave",Thomas,Dave,FALSE,6,89,14,74,1,0.162921348,0,0,0,0
1130,"McCormick, Toby",McCormick,Toby,FALSE,7,130,102,27,1,0.788461538,0,0,0,0
1131,"West, Dick",West,Dick,FALSE,6,122,85,34,3,0.709016393,0,0,0,0
1132,"Thayer, David",Thayer,David,FALSE,2,35,29,6,0,0.828571429,0,0,0,0
1133,"Quinn, Jeff",Quinn,Jeff,FALSE,2,42,31,10,1,0.75,0,0,0,0
1134,"Beaschler, Ron",Beaschler,Ron,TRUE,23,422,239,179,4,0.571090047,0,0,0,0
1135,"Scott, Ray",Scott,Ray,FALSE,5,55,24,28,3,0.463636364,0,0,0,0
1136,"Vino, John",Vino,John,FALSE,3,32,17,15,0,0.53125,0,0,0,0
1137,"Polizzotto, Len",Polizzotto,Len,FALSE,1,11,7,4,0,0.636363636,0,0,0,0
1138,"Heikenen, Dick",Heikenen,Dick,FALSE,1,11,4,7,0,0.363636364,0,0,0,0
1139,"Walter, Ralph",Walter,Ralph,FALSE,5,61,32,27,2,0.540983607,0,0,0,0
1140,"Bergen, Bob",Bergen,Bob,FALSE,1,8,7,1,0,0.875,0,0,0,0
1141,"Akins, Al",Akins,Al,FALSE,2,9,3,5,1,0.388888889,0,0,0,0
1142,"Grimm, Heath",Grimm,Heath,TRUE,11,139,99,38,2,0.71942446,0,0,0,0
1143,"Johnson, Lindy",Johnson,Lindy,FALSE,4,53,12,40,1,0.235849057,0,0,0,0
1144,"Jacobson, Ron",Jacobson,Ron,FALSE,14,195,84,109,2,0.435897436,0,1,0,1.30E-03
1145,"Styles, Gene",Styles,Gene,FALSE,4,54,31,22,1,0.583333333,0,0,0,0
1147,"Hjerling, Rob",Hjerling,Rob,TRUE,8,124,62,60,2,0.508064516,0,1,0,2.08E-03
1148,"Snead, Chip",Snead,Chip,FALSE,1,10,4,6,0,0.4,0,0,0,0
1149,"Hamilton, Rusty",Hamilton,Rusty,FALSE,2,23,10,13,0,0.434782609,0,0,0,0
1150,"Sullivan, Tim",Sullivan,Tim,FALSE,5,70,43,27,0,0.614285714,0,0,0,0
1151,"Turner, Ken",Turner,Ken,FALSE,2,19,11,5,3,0.657894737,0,0,0,0
1152,"Ramage, Tom",Ramage,Tom,FALSE,2,30,14,16,0,0.466666667,0,0,0,0
1153,"Gutton, John",Gutton,John,FALSE,3,26,17,8,1,0.673076923,0,0,0,0
1154,"Williams, Frank",Williams,Frank,FALSE,2,20,2,18,0,0.1,0,0,0,0
1155,"Swanson, Harlan",Swanson,Harlan,FALSE,1,10,0,10,0,0,0,0,0,0
1156,"Bynum, Bill",Bynum,Bill,FALSE,5,64,32,30,2,0.515625,0,0,0,0
1157,"Galle, George",Galle,George,FALSE,1,13,6,7,0,0.461538462,0,2,0,3.33E-02
1158,"McCrary, Delwin",McCrary,Delwin,FALSE,2,30,8,22,0,0.266666667,0,1,0,1.52E-02
1159,"Jaynes, Oval",Jaynes,Oval,FALSE,1,10,6,3,1,0.65,0,0,0,0
1160,"Murry, Don",Murry,Don,FALSE,,,,,,,0,0,0,0
1161,"Barnes, Willis",Barnes,Willis,FALSE,2,20,8,12,0,0.4,0,0,0,0
1162,"Sanderson, Cael",Sanderson,Cael,TRUE,5,93,74,17,2,0.806451613,3,22,0.06,0.055
1163,"Garland, Steve",Garland,Steve,TRUE,5,111,72,39,0,0.648648649,0,4,0,0.01
1164,"Bono, Chris",Bono,Chris,FALSE,3,56,39,17,0,0.696428571,0,2,0,8.33E-03
1165,"Haluska, Mike",Haluska,Mike,FALSE,3,52,7,45,0,0.134615385,0,0,0,0
1166,"Kutz, Jason",Kutz,Jason,FALSE,1,13,2,11,0,0.153846154,0,0,0,0
1167,"Ayres, Chris",Ayres,Chris,TRUE,5,90,19,71,0,0.211111111,0,0,0,0
1168,"Loukides, Jason",Loukides,Jason,TRUE,5,83,42,41,0,0.506024096,0,0,0,0
1169,"Sharratt, Joel",Sharratt,Joel,TRUE,5,87,38,49,0,0.436781609,0,0,0,0
1170,"Moore, Teague",Moore,Teague,TRUE,5,98,37,60,1,0.382653061,0,0,0,0
1171,"Popolizio, Pat",Popolizio,Pat,TRUE,5,117,66,49,2,0.572649573,0,2,0,0.005
1172,"Castro, Jesse",Castro,Jesse,TRUE,5,107,63,42,2,0.598130841,0,0,0,0
1173,"Dresser, Kevin",Dresser,Kevin,TRUE,5,102,70,32,0,0.68627451,0,1,0,0.0025
1174,"Williams, Greg",Williams,Greg,TRUE,5,72,39,33,0,0.541666667,0,1,0,0.00625
1175,"Jesse, Doug",Jesse,Doug,FALSE,3,63,5,57,1,8.73E-02,0,0,0,0
1176,"Malecek, Dave",Malecek,Dave,TRUE,5,93,77,15,1,0.833333333,0,0,0,0
1177,"Marianetti, Steve",Marianetti,Steve,TRUE,5,64,45,18,1,0.7109375,0,0,0,0
1178,"Holmes, Harold",Holmes,Harold,FALSE,4,33,14,18,1,0.439393939,0,0,0,0
1179,"Wrenn, John",Wrenn,John,FALSE,2,21,13,7,1,0.642857143,0,0,0,0
1180,"Fergola, Richard",Fergola,Richard,FALSE,,,,,,,0,0,0,0
1181,"Camilleri, Russ",Camilleri,Russ,FALSE,1,11,3,7,1,0.318181818,0,0,0,0
1182,"Arvold, Brian",Arvold,Brian,FALSE,2,38,27,11,0,0.710526316,0,0,0,0
1183,"Grygelko, John",Grygelko,John,FALSE,8,111,98,12,1,0.887387387,0,0,0,0
1184,"Hinkel, Scott",Hinkel,Scott,TRUE,4,76,41,33,2,0.552631579,0,2,0,0.00625
1185,"Goodale, Scott",Goodale,Scott,TRUE,4,93,71,21,1,0.768817204,0,0,0,0
1186,"Wright, Reggie",Wright,Reggie,FALSE,1,17,1,15,1,8.82E-02,0,0,0,0
1187,"Rivera, Joey",Rivera,Joey,TRUE,4,75,30,44,1,0.406666667,0,0,0,0
1188,"Shipman, Scott",Shipman,Scott,FALSE,2,43,12,31,0,0.279069767,0,0,0,0
1189,"Long, Louie",Long,Louie,FALSE,1,11,9,2,0,0.818181818,0,0,0,0
1190,"Murray, Donald",Murray,Donald,FALSE,2,17,13,3,1,0.794117647,0,0,0,0
1191,"Barber, Sam",Barber,Sam,FALSE,1,10,9,1,0,0.9,0,0,0,0
1192,"Allen, Marv",Allen,Marv,FALSE,2,31,12,19,0,0.387096774,0,0,0,0
1193,"Jedlinski, Fred",Jedlinski,Fred,FALSE,1,9,2,7,0,0.222222222,0,0,0,0
1194,"Judson, Frank",Judson,Frank,FALSE,1,8,3,5,0,0.375,0,0,0,0
1195,"Eiter, Rob",Eiter,Rob,TRUE,3,52,33,19,0,0.634615385,0,2,0,8.33E-03
1196,"Branch, Mark",Branch,Mark,TRUE,3,51,38,13,0,0.745098039,0,4,0,1.67E-02
1197,"Borrelli, Jason",Borrelli,Jason,TRUE,3,60,27,30,3,0.475,0,7,0,0.021875
1198,"Roberts, Todd",Roberts,Todd,TRUE,3,47,15,31,1,0.329787234,0,0,0,0
1199,"Melchior, Ken",Melchior,Ken,FALSE,1,17,4,12,1,0.264705882,0,0,0,0
1200,"Brewster, Casey",Brewster,Casey,TRUE,3,56,11,45,0,0.196428571,0,0,0,0
1201,"Vogel, Andy",Vogel,Andy,TRUE,4,77,12,65,0,0.155844156,0,0,0,0
1202,"Matzek, Mike",Matzek,Mike,TRUE,3,41,33,7,1,0.817073171,0,0,0,0
1203,"Jackson, Kevin",Jackson,Kevin,TRUE,2,36,22,13,1,0.625,3,5,0.15,0.03125
1204,"Heffernen, Jim",Heffernen,Jim,TRUE,2,28,14,13,1,0.517857143,0,4,0,0.025
1205,"Bentley, JohnMark",Bentley,JohnMark,TRUE,1,20,8,11,1,0.425,0,0,0,0
1206,"Waller, Robbie",Waller,Robbie,TRUE,2,29,8,21,0,0.275862069,0,0,0,0
1207,"Cherrington, Ben",Cherrington,Ben,TRUE,2,31,5,26,0,0.161290323,0,1,0,0.00625
1208,"Eslinger, Heath",Eslinger,Heath,TRUE,2,38,22,16,0,0.578947368,0,0,0,0
1209,"Mendoza, Mike",Mendoza,Mike,TRUE,1,10,3,7,0,0.3,0,0,0,0
1210,"Boardwine, Joe",Boardwine,Joe,TRUE,1,22,4,18,0,0.181818182,0,0,0,0
1212,"Heskett, Joel",Heskett,Joel,TRUE,1,16,7,9,0,0.4375,0,0,0,0
1213,"Schwab, Doug",Schwab,Doug,TRUE,1,21,12,9,0,0.571428571,0,0,0,0
1214,"Rogers, Mike",Rogers,Mike,TRUE,1,13,4,9,0,0.307692308,0,0,0,0
1215,"Brissette, Brandon",Brissette,Brandon,TRUE,2,36,21,14,1,0.597222222,0,0,0,0
1216,"Van Kley, Eric",Van Kley,Eric,TRUE,4,68,23,44,1,0.345588235,0,0,0,0
1217,"Nelligan, Sean",Nelligan,Sean,FALSE,4,83,25,57,1,0.307228916,0,0,0,0
1218,"McNamara, Pat",McNamara,Pat,FALSE,1,12,1,11,0,8.33E-02,0,0,0,0
1219,"Nelson, Kris",Nelson,Kris,TRUE,2,31,13,18,0,0.419354839,0,0,0,0
1220,"Aguiar, Jim",Aguiar,Jim,FALSE,2,33,10,23,0,0.303030303,0,0,0,0
1221,"Headlee, Ron",Headlee,Ron,TRUE,3,43,28,15,0,0.651162791,0,0,0,0
1222,"Ketterling, Clayton",Ketterling,Clayton,FALSE,14,216,154,62,0,0.712962963,0,0,0,0
1223,"Pollock, Richard",Pollock,Richard,FALSE,3,43,16,27,0,0.372093023,0,0,0,0
1224,"Davis, Brian",Davis,Brian,TRUE,2,31,11,20,0,0.35483871,0,0,0,0
1225,"Juergens, Eric",Juergens,Eric,TRUE,4,56,20,36,0,0.357142857,0,0,0,0
1226,"York, Jason",York,Jason,TRUE,3,53,20,32,1,0.386792453,0,0,0,0
1227,"Coombs, Derek",Coombs,Derek,FALSE,1,15,10,5,0,0.666666667,0,0,0,0
1228,"Cole, Sevond",Cole,Sevond,TRUE,3,44,9,34,1,0.215909091,0,0,0,0
1229,"Ensign, Justin",Ensign,Justin,TRUE,1,14,7,7,0,0.5,0,0,0,0
1230,"Valek, Jason",Valek,Jason,TRUE,6,132,98,32,2,0.75,0,0,0,0
1231,"Woods, Wills",Woods,Wills,FALSE,5,64,44,17,3,0.7109375,0,0,0,0
1232,"Oxton, John",Oxton,John,FALSE,20,296,167,120,9,0.579391892,0,0,0,0
1233,"Costanzo, Steve",Costanzo,Steve,FALSE,5,81,58,23,0,0.716049383,0,0,0,0
1234,"Grimit, Steve",Grimit,Steve,FALSE,13,159,63,96,0,0.396226415,0,0,0,0
1235,"Goeb, Rick",Goeb,Rick,FALSE,3,41,9,32,0,0.219512195,0,0,0,0
1236,"Boeck, Bob",Boeck,Bob,FALSE,3,41,16,23,2,0.414634146,0,1,0,0.00625
1237,"Gardner, Frank",Gardner,Frank,FALSE,2,25,17,7,1,0.7,0,0,0,0
1238,"Dell, Troy",Dell,Troy,FALSE,10,185,60,123,2,0.32972973,0,0,0,0
1239,"Reider, Ray",Reider,Ray,FALSE,5,65,32,30,3,0.515384615,0,2,0,1.59E-02
1240,"Haas, Gene",Haas,Gene,FALSE,3,20,10,10,0,0.5,0,0,0,0
1241,"Shainline, Jack",Shainline,Jack,FALSE,2,18,13,5,0,0.722222222,0,0,0,0
1242,"Ridinger, John",Ridinger,John,FALSE,5,52,11,39,2,0.230769231,0,0,0,0
1243,"Sauve, Jim",Sauve,Jim,FALSE,8,136,78,56,2,0.580882353,0,0,0,0
1244,"Wilson, Dave",Wilson,Dave,FALSE,8,140,68,71,1,0.489285714,0,0,0,0
1245,"Miller, Bill",Miller,Bill,FALSE,7,122,60,60,2,0.5,0,0,0,0
1247,"Breaux, Darwin",Breaux,Darwin,FALSE,3,59,20,38,1,0.347457627,0,0,0,0
1248,"Bertrand, Bill",Bertrand,Bill,FALSE,1,19,10,8,1,0.552631579,0,0,0,0
1249,"Kiesel, Kevin",Kiesel,Kevin,FALSE,1,19,9,10,0,0.473684211,0,0,0,0
1250,"Beeson, Pete",Beeson,Pete,FALSE,0,,,,,,0,0,0,0
1251,"von Schwerdtner, E.O.",von Schwerdtner,E.O.,FALSE,0,,,,,,0,0,0,0
1252,"McReynolds, Wilbur",McReynolds,Wilbur,FALSE,0,,,,,,0,0,0,0